budget,content_rating,duration,Action Related,Adventure Genre,Animation Genre,Biography Genre,Comedy Genre,Crime Genre,Documentary Genre,Drama Genre,Family Genre
125000000,3,125,1,0,0,0,0,0,0,0,0
80000000,3,126,1,0,0,0,0,0,0,0,0
3000000,4,87,1,0,0,0,0,0,0,0,0
30000000,4,111,1,0,0,0,0,0,0,0,0
15000000,4,107,1,0,0,0,0,0,0,0,0
28000000,2,118,1,1,0,0,0,0,0,0,0
18000000,2,115,1,1,0,0,0,0,0,0,0
150000000,3,128,1,1,0,0,0,0,0,0,0
35000000,3,126,1,1,0,0,0,0,0,0,0
21000000,3,87,1,1,0,0,0,0,0,0,0
100000000,3,101,1,1,0,0,0,0,0,0,0
100000000,3,101,1,1,0,0,0,0,0,0,0
35000000,3,132,1,1,0,0,0,0,0,0,0
4500000,4,103,1,1,0,0,0,0,0,0,0
70000000,2,95,1,1,1,0,1,1,0,0,1
165000000,2,102,1,1,1,0,1,0,0,1,1
70000000,2,90,1,1,1,0,1,0,0,1,1
90000000,2,94,1,1,1,0,1,0,0,0,1
150000000,2,90,1,1,1,0,1,0,0,0,1
145000000,2,95,1,1,1,0,1,0,0,0,1
130000000,2,92,1,1,1,0,1,0,0,0,1
150000000,2,89,1,1,1,0,1,0,0,0,1
145000000,2,102,1,1,1,0,1,0,0,0,1
80000000,2,115,1,1,1,0,1,0,0,0,1
130000000,2,90,1,1,1,0,1,0,0,0,1
150000000,2,88,1,1,1,0,1,0,0,0,1
30000000,1,82,1,1,1,0,1,0,0,0,1
150000000,2,88,1,1,1,0,1,0,0,0,1
175000000,2,94,1,1,1,0,1,0,0,0,1
750000,4,86,1,1,1,0,1,0,0,0,0
30000000,3,79,1,1,1,0,0,0,0,1,0
92000000,2,115,1,1,1,0,0,0,0,0,1
80000000,2,101,1,1,1,0,0,0,0,0,1
120000000,2,95,1,1,1,0,0,0,0,0,1
5000000,2,82,1,1,1,0,0,0,0,0,1
75000000,2,94,1,1,1,0,0,0,0,0,1
150000000,3,115,1,1,1,0,0,0,0,0,0
137000000,3,106,1,1,1,0,0,0,0,0,0
100000000,3,122,1,1,0,1,0,0,0,1,0
110000000,2,120,1,1,0,0,1,0,0,0,0
98000000,3,124,1,1,0,0,1,0,0,0,0
80000000,3,110,1,1,0,0,1,0,0,0,0
50000000,3,114,1,1,0,0,1,0,0,0,0
50000000,3,107,1,1,0,0,1,0,0,0,0
75000000,3,116,1,1,0,0,1,0,0,0,0
70000000,4,100,1,1,0,0,1,0,0,0,0
9400000,1,197,1,1,0,0,1,1,0,0,0
45000000,2,101,1,1,0,0,1,1,0,0,0
60000000,2,89,1,1,0,0,1,1,0,0,0
33000000,3,95,1,1,0,0,1,1,0,0,0
120000000,3,107,1,1,0,0,1,1,0,0,0
25000000,4,98,1,1,0,0,1,1,0,0,0
26000000,2,102,1,1,0,0,1,1,0,0,1
40000000,4,104,1,1,0,0,1,1,0,0,0
90000000,3,129,1,1,0,0,1,1,0,0,0
92000000,3,94,1,1,0,0,1,1,0,0,0
2000000,3,91,1,1,0,0,1,0,0,1,0
34000000,4,102,1,1,0,0,1,0,0,1,0
48000000,4,114,1,1,0,0,1,0,0,1,0
110000000,2,108,1,1,0,0,1,0,0,0,1
140000000,3,88,1,1,0,0,1,0,0,0,1
79000000,2,94,1,1,0,0,1,0,0,0,1
17000000,2,96,1,1,0,0,1,0,0,0,1
65000000,2,101,1,1,0,0,1,0,0,0,1
225000000,3,106,1,1,0,0,1,0,0,0,1
100000000,2,131,1,1,0,0,1,0,0,0,1
55000000,2,92,1,1,0,0,1,0,0,0,1
26000000,2,100,1,1,0,0,1,0,0,0,1
75000000,2,110,1,1,0,0,1,0,0,0,1
38000000,2,100,1,1,0,0,1,0,0,0,1
38000000,2,84,1,1,0,0,1,0,0,0,1
27000000,2,89,1,1,0,0,1,0,0,0,1
35000000,2,88,1,1,0,0,1,0,0,0,1
25000000,2,88,1,1,0,0,1,0,0,0,1
40000000,3,108,1,1,0,0,1,0,0,0,1
25000000,3,99,1,1,0,0,1,0,0,0,0
70000000,3,130,1,1,0,0,1,0,0,0,0
25000000,3,94,1,1,0,0,1,0,0,0,0
88000000,3,118,1,1,0,0,1,0,0,0,0
51000000,3,107,1,1,0,0,1,0,0,0,0
3000000,3,81,1,1,0,0,1,0,0,0,0
70000000,3,98,1,1,0,0,1,0,0,0,0
35000000,2,110,1,1,0,0,1,0,0,0,0
58000000,4,108,1,1,0,0,1,0,0,0,0
70000000,3,112,1,1,0,0,1,0,0,0,0
65000000,3,136,1,1,0,0,1,0,0,0,0
130000000,3,117,1,1,0,0,1,0,0,0,0
175000000,3,123,1,1,0,0,1,0,0,0,0
135000000,3,112,1,1,0,0,1,0,0,0,0
125000000,3,101,1,1,0,0,1,0,0,0,0
125000000,3,101,1,1,0,0,1,0,0,0,0
26000000,2,94,1,1,0,0,1,0,0,0,0
70000000,3,116,1,1,0,0,1,0,0,0,0
70000000,3,97,1,1,0,0,1,0,0,0,0
85000000,3,104,1,1,0,0,1,0,0,0,0
55000000,3,110,1,1,0,0,1,0,0,0,0
34000000,4,124,1,1,0,0,0,1,0,1,1
44000000,3,130,1,1,0,0,0,1,0,1,0
25000000,4,105,1,1,0,0,0,1,0,1,0
25000000,3,93,1,1,0,0,0,1,0,0,0
125000000,3,129,1,1,0,0,0,1,0,0,0
90000000,3,128,1,1,0,0,0,1,0,0,0
50000000,3,110,1,1,0,0,0,1,0,0,0
80000000,3,117,1,1,0,0,0,1,0,0,0
45000000,3,111,1,1,0,0,0,1,0,0,0
87000000,3,101,1,1,0,0,0,1,0,0,0
25000000,4,116,1,1,0,0,0,1,0,0,0
40000000,4,116,1,1,0,0,0,1,0,0,0
60000000,4,124,1,1,0,0,0,1,0,0,0
9000000,3,106,1,1,0,0,0,0,0,1,0
125000000,3,138,1,1,0,0,0,0,0,1,0
175000000,3,128,1,1,0,0,0,0,0,1,0
170000000,3,132,1,1,0,0,0,0,0,1,0
115000000,3,120,1,1,0,0,0,0,0,1,0
94000000,3,192,1,1,0,0,0,0,0,1,0
94000000,3,172,1,1,0,0,0,0,0,1,0
200000000,3,156,1,1,0,0,0,0,0,1,0
20000000,4,107,1,1,0,0,0,0,0,1,0
150000000,3,138,1,1,0,0,0,0,0,1,0
58000000,3,125,1,1,0,0,0,0,0,1,0
130000000,4,194,1,1,0,0,0,0,0,1,0
20000000,3,107,1,1,0,0,0,0,0,1,0
48000000,3,155,1,1,0,0,0,0,0,1,0
180000000,3,110,1,1,0,0,0,0,0,1,0
55000000,2,188,1,1,0,0,0,0,0,1,0
40000000,4,117,1,1,0,0,0,0,0,1,0
170000000,3,130,1,1,0,0,0,0,0,1,0
80000000,4,177,1,1,0,0,0,0,0,1,0
45000000,3,111,1,1,0,0,0,0,0,1,0
80000000,3,114,1,1,0,0,0,0,0,1,0
45000000,3,113,1,1,0,0,0,0,0,1,0
160000000,3,98,1,1,0,0,0,0,0,1,0
110000000,3,114,1,1,0,0,0,0,0,1,0
140000000,3,130,1,1,0,0,0,0,0,1,0
92000000,3,113,1,1,0,0,0,0,0,1,0
75000000,3,124,1,1,0,0,0,0,0,1,0
85000000,4,124,1,1,0,0,0,0,0,1,0
80000000,4,118,1,1,0,0,0,0,0,1,0
25000000,4,117,1,1,0,0,0,0,0,1,0
40000000,4,139,1,1,0,0,0,0,0,1,0
12000000,4,110,1,1,0,0,0,0,0,1,0
38000000,3,110,1,1,0,0,0,0,0,1,0
780000,3,90,1,1,0,0,0,0,0,1,0
100000000,2,104,1,1,0,0,0,0,0,0,1
50000000,2,93,1,1,0,0,0,0,0,0,1
225000000,2,150,1,1,0,0,0,0,0,0,1
150000000,2,103,1,1,0,0,0,0,0,0,1
150000000,2,109,1,1,0,0,0,0,0,0,1
180000000,2,97,1,1,0,0,0,0,0,0,1
45000000,2,93,1,1,0,0,0,0,0,0,1
65000000,2,98,1,1,0,0,0,0,0,0,1
90000000,2,114,1,1,0,0,0,0,0,0,1
135000000,2,107,1,1,0,0,0,0,0,0,1
190000000,2,130,1,1,0,0,0,0,0,0,1
35000000,2,83,1,1,0,0,0,0,0,0,1
80000000,3,130,1,1,0,0,0,0,0,0,1
18000000,2,103,1,1,0,0,0,0,0,0,0
18000000,2,108,1,1,0,0,0,0,0,0,0
35000000,2,101,1,1,0,0,0,0,0,0,0
100000000,3,121,1,1,0,0,0,0,0,0,0
125000000,3,106,1,1,0,0,0,0,0,0,0
125000000,3,106,1,1,0,0,0,0,0,0,0
57000000,3,103,1,1,0,0,0,0,0,0,0
140000000,3,126,1,1,0,0,0,0,0,0,0
185000000,3,122,1,1,0,0,0,0,0,0,0
48000000,3,127,1,1,0,0,0,0,0,0,0
95000000,3,117,1,1,0,0,0,0,0,0,0
300000000,3,169,1,1,0,0,0,0,0,0,0
225000000,3,151,1,1,0,0,0,0,0,0,0
250000000,3,136,1,1,0,0,0,0,0,0,0
140000000,3,143,1,1,0,0,0,0,0,0,0
95000000,3,102,1,1,0,0,0,0,0,0,0
230000000,3,153,1,1,0,0,0,0,0,0,0
55000000,3,104,1,1,0,0,0,0,0,0,0
90000000,3,106,1,1,0,0,0,0,0,0,0
70000000,3,99,1,1,0,0,0,0,0,0,0
170000000,3,112,1,1,0,0,0,0,0,0,0
150000000,3,115,1,1,0,0,0,0,0,0,0
160000000,3,123,1,1,0,0,0,0,0,0,0
150000000,3,99,1,1,0,0,0,0,0,0,0
25000000,4,92,1,1,0,0,0,0,0,0,0
85000000,3,120,1,1,0,0,0,0,0,0,0
65000000,4,122,1,1,0,0,0,0,0,0,0
145000000,3,112,1,1,0,0,0,0,0,0,0
200000000,3,116,1,1,0,0,0,0,0,0,0
200000000,3,135,1,1,0,0,0,0,0,0,0
139000000,3,121,1,1,0,0,0,0,0,0,0
115000000,2,136,1,1,0,0,0,0,0,0,0
115000000,2,142,1,1,0,0,0,0,0,0,0
11000000,2,125,1,1,0,0,0,0,0,0,0
18000000,2,127,1,1,0,0,0,0,0,0,0
32500000,2,134,1,1,0,0,0,0,0,0,0
237000000,3,178,1,1,0,0,0,0,0,0,0
6000000,3,107,1,1,0,0,0,0,0,0,0
225000000,3,143,1,1,0,0,0,0,0,0,0
113000000,3,140,1,1,0,0,0,0,0,0,0
200000000,3,142,1,1,0,0,0,0,0,0,0
78000000,3,110,1,1,0,0,0,0,0,0,0
15000000,4,101,1,1,0,0,0,0,0,0,0
45000000,2,100,1,1,0,0,0,0,0,0,0
22000000,3,104,1,1,0,0,0,0,0,0,0
30000000,3,95,1,1,0,0,0,0,0,0,0
18000000,3,101,1,1,0,0,0,0,0,0,0
60000000,3,101,1,1,0,0,0,0,0,0,0
7500000,3,100,1,1,0,0,0,0,0,0,0
150000000,3,119,1,1,0,0,0,0,0,0,0
200000000,3,149,1,1,0,0,0,0,0,0,0
50000000,4,102,1,1,0,0,0,0,0,0,0
35000000,4,92,1,1,0,0,0,0,0,0,0
40000000,3,109,1,1,0,0,0,0,0,0,0
115000000,3,100,1,1,0,0,0,0,0,0,0
98000000,3,130,1,1,0,0,0,0,0,0,0
60000000,3,100,1,1,0,0,0,0,0,0,0
85000000,4,102,1,1,0,0,0,0,0,0,0
25000000,3,85,1,1,0,0,0,0,0,0,0
45000000,4,106,1,1,0,0,0,0,0,0,0
30000000,3,89,1,1,0,0,0,0,0,0,0
190000000,3,123,1,1,0,0,0,0,0,0,0
45000000,3,89,1,1,0,0,0,0,0,0,0
25000000,3,97,1,1,0,0,0,0,0,0,0
50000000,3,109,1,1,0,0,0,0,0,0,0
120000000,3,124,1,1,0,0,0,0,0,0,0
70000000,2,106,1,1,0,0,0,0,0,0,0
35000000,2,118,1,1,0,0,0,0,0,0,0
110000000,3,120,1,1,0,0,0,0,0,0,0
65000000,3,144,1,1,0,0,0,0,0,0,0
258000000,3,156,1,1,0,0,0,0,0,0,0
54000000,2,116,1,1,0,0,0,0,0,0,0
40000000,3,125,1,1,0,0,0,0,0,0,0
126000000,3,136,1,1,0,0,0,0,0,0,0
68000000,3,116,1,1,0,0,0,0,0,0,0
55000000,3,134,1,1,0,0,0,0,0,0,0
9000000,2,119,1,1,0,0,0,0,0,0,0
11000000,2,116,1,1,0,0,0,0,0,0,0
17000000,2,105,1,1,0,0,0,0,0,0,0
170000000,2,125,1,1,0,0,0,0,0,0,0
200000000,3,158,1,1,0,0,0,0,0,0,0
130000000,3,100,1,1,0,0,0,0,0,0,0
250000000,3,141,1,1,0,0,0,0,0,0,0
250000000,3,183,1,1,0,0,0,0,0,0,0
44000000,3,119,1,1,0,0,0,0,0,0,0
250000000,3,147,1,1,0,0,0,0,0,0,0
140000000,3,124,1,1,0,0,0,0,0,0,0
170000000,3,136,1,1,0,0,0,0,0,0,0
40000000,3,177,1,1,0,0,0,0,0,0,0
178000000,3,113,1,1,0,0,0,0,0,0,0
120000000,3,100,1,1,0,0,0,0,0,0,0
200000000,3,123,1,1,0,0,0,0,0,0,0
170000000,3,121,1,1,0,0,0,0,0,0,0
165000000,3,120,1,1,0,0,0,0,0,0,0
75000000,3,154,1,1,0,0,0,0,0,0,0
200000000,3,124,1,1,0,0,0,0,0,0,0
200000000,3,195,1,1,0,0,0,0,0,0,0
140000000,3,126,1,1,0,0,0,0,0,0,0
263700000,3,132,1,1,0,0,0,0,0,0,0
176000000,3,127,1,1,0,0,0,0,0,0,0
190000000,3,131,1,1,0,0,0,0,0,0,0
190000000,3,132,1,1,0,0,0,0,0,0,0
150000000,3,127,1,1,0,0,0,0,0,0,0
209000000,3,169,1,1,0,0,0,0,0,0,0
155000000,3,126,1,1,0,0,0,0,0,0,0
200000000,3,118,1,1,0,0,0,0,0,0,0
220000000,3,173,1,1,0,0,0,0,0,0,0
150000000,3,135,1,1,0,0,0,0,0,0,0
73000000,3,129,1,1,0,0,0,0,0,0,0
80000000,3,96,1,1,0,0,0,0,0,0,0
80000000,3,116,1,1,0,0,0,0,0,0,0
210000000,3,165,1,1,0,0,0,0,0,0,0
195000000,3,154,1,1,0,0,0,0,0,0,0
200000000,3,150,1,1,0,0,0,0,0,0,0
150000000,3,144,1,1,0,0,0,0,0,0,0
30000000,3,100,1,1,0,0,0,0,0,0,0
178000000,3,144,1,1,0,0,0,0,0,0,0
160000000,3,132,1,1,0,0,0,0,0,0,0
75000000,3,104,1,1,0,0,0,0,0,0,0
18500000,4,154,1,1,0,0,0,0,0,0,0
130000000,2,92,1,1,0,0,0,0,0,0,0
27800000,2,107,1,1,0,0,0,0,0,0,0
30000000,2,110,1,1,0,0,0,0,0,0,0
58000000,2,103,1,1,0,0,0,0,0,0,0
140000000,3,153,1,1,0,0,0,0,0,0,0
209000000,3,131,1,1,0,0,0,0,0,0,0
130000000,3,122,1,1,0,0,0,0,0,0,0
175000000,3,118,1,1,0,0,0,0,0,0,0
60000000,3,109,1,1,0,0,0,0,0,0,0
160000000,3,148,1,1,0,0,0,0,0,0,0
85000000,3,88,1,1,0,0,0,0,0,0,0
93000000,3,92,1,1,0,0,0,0,0,0,0
150000000,3,124,1,1,0,0,0,0,0,0,0
100000000,3,119,1,1,0,0,0,0,0,0,0
100000000,3,119,1,1,0,0,0,0,0,0,0
40000000,3,119,1,1,0,0,0,0,0,0,0
185000000,3,122,1,1,0,0,0,0,0,0,0
60000000,3,116,1,1,0,0,0,0,0,0,0
135000000,3,121,1,1,0,0,0,0,0,0,0
38000000,3,112,1,1,0,0,0,0,0,0,0
105000000,3,134,1,1,0,0,0,0,0,0,0
60000000,3,135,1,1,0,0,0,0,0,0,0
125000000,3,124,1,1,0,0,0,0,0,0,0
120000000,3,138,1,1,0,0,0,0,0,0,0
175000000,3,176,1,1,0,0,0,0,0,0,0
50000000,4,101,1,1,0,0,0,0,0,0,0
40000000,4,107,1,1,0,0,0,0,0,0,0
21000000,2,136,1,1,0,0,0,0,0,0,0
30000000,2,135,1,1,0,0,0,0,0,0,0
116000000,3,108,1,1,0,0,0,0,0,0,0
110000000,3,129,1,1,0,0,0,0,0,0,0
145000000,3,133,1,1,0,0,0,0,0,0,0
125000000,3,123,1,1,0,0,0,0,0,0,0
150000000,3,124,1,1,0,0,0,0,0,0,0
80000000,3,110,1,1,0,0,0,0,0,0,0
65000000,3,130,1,1,0,0,0,0,0,0,0
125000000,3,135,1,1,0,0,0,0,0,0,0
90000000,3,131,1,1,0,0,0,0,0,0,0
70000000,3,132,1,1,0,0,0,0,0,0,0
70000000,4,124,1,1,0,0,0,0,0,0,0
90000000,4,128,1,1,0,0,0,0,0,0,0
55000000,4,133,1,1,0,0,0,0,0,0,0
50000000,4,101,1,1,0,0,0,0,0,0,0
92000000,4,103,1,1,0,0,0,0,0,0,0
80000000,4,113,1,1,0,0,0,0,0,0,0
75000000,4,136,1,1,0,0,0,0,0,0,0
63000000,4,87,1,1,0,0,0,0,0,0,0
44000000,4,96,1,1,0,0,0,0,0,0,0
18000000,2,98,1,1,0,0,0,0,0,0,0
75000000,2,129,1,1,0,0,0,0,0,0,0
100000000,3,136,1,1,0,0,0,0,0,0,0
215000000,3,150,1,1,0,0,0,0,0,0,0
17500000,2,80,1,0,0,0,1,1,0,0,1
73000000,2,97,1,0,0,0,1,0,0,0,1
130000000,2,95,1,0,0,0,1,0,0,0,1
74000000,2,91,1,0,0,0,1,0,0,0,1
88000000,3,106,1,0,0,0,1,0,0,0,0
30000000,4,129,1,0,0,1,0,1,0,1,0
25000000,4,134,1,0,0,1,0,0,0,1,0
58800000,4,133,1,0,0,1,0,0,0,1,0
50000000,4,139,1,0,0,1,0,0,0,1,0
1100000,4,92,1,0,0,1,0,0,0,1,0
40000000,4,121,1,0,0,1,0,0,0,1,0
10000000,3,81,1,0,0,0,1,0,0,0,0
40000000,3,100,1,0,0,0,1,0,0,0,0
40000000,3,102,1,0,0,0,1,0,0,0,0
18000000,3,81,1,0,0,0,1,0,0,0,0
25000000,3,86,1,0,0,0,1,0,0,0,0
90000000,3,113,1,0,0,0,1,0,0,0,0
15000000,4,100,1,0,0,0,1,0,0,0,0
30000000,4,98,1,0,0,0,1,0,0,0,0
92000000,4,121,1,0,0,0,1,0,0,0,0
30000000,2,94,1,0,0,0,1,1,0,0,0
26000000,2,91,1,0,0,0,1,1,0,0,0
63000000,3,94,1,0,0,0,1,1,0,0,0
30000000,3,99,1,0,0,0,1,1,0,0,0
32000000,3,113,1,0,0,0,1,1,0,0,0
50000000,3,107,1,0,0,0,1,1,0,0,0
20000000,3,91,1,0,0,0,1,1,0,0,0
35000000,3,87,1,0,0,0,1,1,0,0,0
26000000,3,111,1,0,0,0,1,1,0,0,0
8200000,3,84,1,0,0,0,1,1,0,0,0
45000000,3,115,1,0,0,0,1,1,0,0,0
100000000,3,116,1,0,0,0,1,1,0,0,0
40000000,3,84,1,0,0,0,1,1,0,0,0
75000000,3,104,1,0,0,0,1,1,0,0,0
42000000,4,109,1,0,0,0,1,1,0,0,0
50000000,4,112,1,0,0,0,1,1,0,0,0
10000000,4,100,1,0,0,0,1,1,0,0,0
14000000,4,105,1,0,0,0,1,1,0,0,0
37000000,4,107,1,0,0,0,1,1,0,0,0
28000000,4,103,1,0,0,0,1,1,0,0,0
3000000,4,84,1,0,0,0,1,1,0,0,0
27000000,4,117,1,0,0,0,1,1,0,0,0
43000000,4,123,1,0,0,0,1,1,0,0,0
58000000,3,97,1,0,0,0,1,1,0,1,0
25000000,3,95,1,0,0,0,1,1,0,1,0
61000000,4,109,1,0,0,0,1,1,0,1,0
19000000,4,119,1,0,0,0,1,1,0,1,0
33000000,4,101,1,0,0,0,1,1,0,1,0
68000000,4,105,1,0,0,0,1,1,0,1,0
45000000,4,91,1,0,0,0,1,1,0,1,0
35000000,2,94,1,0,0,0,1,1,0,0,1
18000000,3,114,1,0,0,0,1,1,0,0,0
20000000,3,107,1,0,0,0,1,1,0,0,0
27000000,4,148,1,0,0,0,1,1,0,0,0
100000000,2,105,1,0,0,0,1,1,0,0,0
45000000,3,109,1,0,0,0,1,1,0,0,0
25000000,3,99,1,0,0,0,1,1,0,0,0
120000000,3,126,1,0,0,0,1,1,0,0,0
40000000,3,91,1,0,0,0,1,1,0,0,0
15000000,4,107,1,0,0,0,1,1,0,0,0
120000000,3,119,1,0,0,0,1,1,0,0,0
20000000,2,94,1,0,0,0,1,1,0,0,0
65000000,3,93,1,0,0,0,1,1,0,0,0
24000000,3,88,1,0,0,0,1,1,0,0,0
75000000,3,116,1,0,0,0,1,1,0,0,0
84000000,3,116,1,0,0,0,1,1,0,0,0
58000000,3,111,1,0,0,0,1,1,0,0,0
90000000,3,90,1,0,0,0,1,1,0,0,0
140000000,3,91,1,0,0,0,1,1,0,0,0
42000000,4,125,1,0,0,0,1,1,0,0,0
7000000,4,96,1,0,0,0,1,1,0,0,0
14000000,4,95,1,0,0,0,1,1,0,0,0
130000000,4,147,1,0,0,0,1,1,0,0,0
28000000,4,100,1,0,0,0,1,1,0,0,0
55000000,4,104,1,0,0,0,1,1,0,0,0
30000000,4,126,1,0,0,0,1,1,0,0,0
25000000,4,97,1,0,0,0,1,1,0,0,0
8000000,4,79,1,0,0,0,1,1,0,0,0
55000000,4,97,1,0,0,0,1,1,0,0,0
13000000,4,91,1,0,0,0,1,1,0,0,0
20000000,4,101,1,0,0,0,1,0,1,0,0
10000000,3,109,1,0,0,0,1,0,0,1,0
9000000,4,96,1,0,0,0,1,0,0,1,0
20000000,2,93,1,0,0,0,1,0,0,0,1
28000000,2,94,1,0,0,0,1,0,0,0,1
85000000,2,82,1,0,0,0,1,0,0,0,1
60000000,2,87,1,0,0,0,1,0,0,0,1
52000000,3,104,1,0,0,0,1,0,0,0,0
130000000,3,96,1,0,0,0,1,0,0,0,0
60000000,3,112,1,0,0,0,1,0,0,0,0
144000000,3,116,1,0,0,0,1,0,0,0,0
65000000,3,121,1,0,0,0,1,0,0,0,0
1000000,4,82,1,0,0,0,1,0,0,0,0
30000000,3,99,1,0,0,0,1,0,0,0,0
27000000,4,82,1,0,0,0,1,0,0,0,0
2300000,4,96,1,0,0,0,1,0,0,0,0
25000000,3,88,1,0,0,0,1,0,0,0,0
3500000,3,91,1,0,0,0,1,0,0,0,0
117000000,3,117,1,0,0,0,1,0,0,0,0
40000000,3,110,1,0,0,0,1,0,0,0,0
65000000,3,103,1,0,0,0,1,0,0,0,0
2000000,4,100,1,0,0,0,1,0,0,0,0
10000000,4,95,1,0,0,0,1,0,0,0,0
75000000,3,100,1,0,0,0,1,0,0,0,0
70000000,3,106,1,0,0,0,1,0,0,0,0
100000000,3,95,1,0,0,0,1,0,0,0,0
60000000,3,98,1,0,0,0,1,0,0,0,0
25000000,4,104,1,0,0,0,1,0,0,0,0
68000000,4,102,1,0,0,0,1,0,0,0,0
35000000,3,82,1,0,0,0,1,0,0,0,0
170000000,3,106,1,0,0,0,1,0,0,0,0
42000000,2,105,1,0,0,0,1,0,0,0,0
73000000,3,122,1,0,0,0,1,0,0,0,0
115000000,4,141,1,0,0,0,1,0,0,0,0
10000000,4,107,1,0,0,0,1,0,0,0,0
10000000,4,117,1,0,0,0,1,0,0,0,0
56000000,3,86,1,0,0,0,0,1,0,0,0
15000000,4,110,1,0,0,0,0,1,0,0,0
600000,3,106,1,0,0,0,0,1,0,1,0
10000000,4,96,1,0,0,0,0,1,0,1,0
27000000,3,123,1,0,0,0,0,1,0,1,0
25000000,3,97,1,0,0,0,0,1,0,1,0
22000000,3,114,1,0,0,0,0,1,0,1,0
70000000,4,133,1,0,0,0,0,1,0,1,0
50000000,4,110,1,0,0,0,0,1,0,1,0
36000000,4,93,1,0,0,0,0,1,0,1,0
90000000,4,140,1,0,0,0,0,1,0,1,0
45000000,4,109,1,0,0,0,0,1,0,1,0
52000000,4,113,1,0,0,0,0,1,0,1,0
60000000,4,101,1,0,0,0,0,1,0,1,0
61000000,4,124,1,0,0,0,0,1,0,1,0
30000000,4,121,1,0,0,0,0,1,0,1,0
30000000,4,110,1,0,0,0,0,1,0,1,0
40000000,4,115,1,0,0,0,0,1,0,1,0
50000000,4,118,1,0,0,0,0,1,0,1,0
65000000,4,121,1,0,0,0,0,1,0,1,0
15000000,4,94,1,0,0,0,0,1,0,1,0
9000000,4,123,1,0,0,0,0,1,0,1,0
13000000,4,121,1,0,0,0,0,1,0,1,0
7000,4,81,1,0,0,0,0,1,0,1,0
49000000,4,120,1,0,0,0,0,1,0,1,0
30000000,4,119,1,0,0,0,0,1,0,1,0
20000000,4,94,1,0,0,0,0,1,0,1,0
30000000,3,109,1,0,0,0,0,1,0,1,0
62000000,3,141,1,0,0,0,0,1,0,1,0
66000000,3,132,1,0,0,0,0,1,0,1,0
20000000,3,84,1,0,0,0,0,1,0,1,0
185000000,3,152,1,0,0,0,0,1,0,1,0
15000000,3,106,1,0,0,0,0,1,0,1,0
42000000,4,120,1,0,0,0,0,1,0,1,0
36000000,4,109,1,0,0,0,0,1,0,1,0
20000000,4,125,1,0,0,0,0,1,0,1,0
50000000,4,121,1,0,0,0,0,1,0,1,0
20000000,4,109,1,0,0,0,0,1,0,1,0
25000000,4,109,1,0,0,0,0,1,0,1,0
30000000,4,101,1,0,0,0,0,1,0,1,0
30000000,4,118,1,0,0,0,0,1,0,1,0
24000000,4,98,1,0,0,0,0,1,0,1,0
60000000,4,113,1,0,0,0,0,1,0,1,0
40000000,4,102,1,0,0,0,0,1,0,1,0
70000000,4,97,1,0,0,0,0,1,0,1,0
2000000,4,116,1,0,0,0,0,1,0,1,0
22000000,4,100,1,0,0,0,0,1,0,1,0
30000000,4,137,1,0,0,0,0,1,0,1,0
70000000,4,146,1,0,0,0,0,1,0,1,0
60000000,4,111,1,0,0,0,0,1,0,1,0
60000000,4,111,1,0,0,0,0,1,0,1,0
50000000,4,90,1,0,0,0,0,1,0,1,0
35000000,4,103,1,0,0,0,0,1,0,1,0
50000000,4,114,1,0,0,0,0,1,0,1,0
35000000,4,109,1,0,0,0,0,1,0,1,0
35000000,4,96,1,0,0,0,0,1,0,1,0
17000000,4,88,1,0,0,0,0,1,0,1,0
20000000,4,109,1,0,0,0,0,1,0,1,0
86000000,4,111,1,0,0,0,0,1,0,1,0
55000000,4,94,1,0,0,0,0,1,0,1,0
33000000,4,140,1,0,0,0,0,1,0,1,0
8500000,4,119,1,0,0,0,0,1,0,1,0
20000000,4,115,1,0,0,0,0,1,0,1,0
45000000,4,160,1,0,0,0,0,1,0,1,0
5000000,2,107,1,0,0,0,0,1,0,1,0
23000000,4,98,1,0,0,0,0,1,0,1,0
13000000,4,107,1,0,0,0,0,1,0,1,0
26000000,3,133,1,0,0,0,0,1,0,1,0
100000000,3,87,1,0,0,0,0,1,0,0,0
60000000,3,103,1,0,0,0,0,1,0,0,0
75000000,4,110,1,0,0,0,0,1,0,0,0
75000000,4,135,1,0,0,0,0,1,0,0,0
25000000,4,101,1,0,0,0,0,1,0,0,0
50000000,4,115,1,0,0,0,0,1,0,0,0
35000000,3,101,1,0,0,0,0,1,0,0,0
60000000,3,130,1,0,0,0,0,1,0,0,0
110000000,3,101,1,0,0,0,0,1,0,0,0
85000000,4,115,1,0,0,0,0,1,0,0,0
35000000,4,101,1,0,0,0,0,1,0,0,0
66000000,3,113,1,0,0,0,0,1,0,0,0
160000000,3,121,1,0,0,0,0,1,0,0,0
35000000,4,118,1,0,0,0,0,1,0,0,0
16000000,3,97,1,0,0,0,0,1,0,0,0
23500000,3,104,1,0,0,0,0,1,0,0,0
100000000,3,117,1,0,0,0,0,1,0,0,0
100000000,3,117,1,0,0,0,0,1,0,0,0
70000000,4,91,1,0,0,0,0,1,0,0,0
20000000,4,96,1,0,0,0,0,1,0,0,0
80000000,4,138,1,0,0,0,0,1,0,0,0
32000000,4,119,1,0,0,0,0,1,0,0,0
27000000,4,101,1,0,0,0,0,1,0,0,0
30000000,4,106,1,0,0,0,0,1,0,0,0
105000000,3,114,1,0,0,0,0,1,0,0,0
22000000,3,108,1,0,0,0,0,1,0,0,0
76000000,3,107,1,0,0,0,0,1,0,0,0
27000000,3,88,1,0,0,0,0,1,0,0,0
25000000,3,94,1,0,0,0,0,1,0,0,0
125000000,3,132,1,0,0,0,0,1,0,0,0
190000000,3,140,1,0,0,0,0,1,0,0,0
18000000,3,90,1,0,0,0,0,1,0,0,0
90000000,3,127,1,0,0,0,0,1,0,0,0
42000000,3,102,1,0,0,0,0,1,0,0,0
35000000,3,91,1,0,0,0,0,1,0,0,0
20000000,3,107,1,0,0,0,0,1,0,0,0
85000000,3,104,1,0,0,0,0,1,0,0,0
38000000,3,106,1,0,0,0,0,1,0,0,0
60000000,3,111,1,0,0,0,0,1,0,0,0
60000000,3,107,1,0,0,0,0,1,0,0,0
40000000,4,99,1,0,0,0,0,1,0,0,0
30000000,4,125,1,0,0,0,0,1,0,0,0
50000000,4,108,1,0,0,0,0,1,0,0,0
75000000,4,123,1,0,0,0,0,1,0,0,0
12000000,4,93,1,0,0,0,0,1,0,0,0
20000000,4,111,1,0,0,0,0,1,0,0,0
7000000,4,104,1,0,0,0,0,1,0,0,0
40000000,4,101,1,0,0,0,0,1,0,0,0
35000000,4,121,1,0,0,0,0,1,0,0,0
140000000,4,127,1,0,0,0,0,1,0,0,0
10500000,4,105,1,0,0,0,0,1,0,0,0
40000000,4,99,1,0,0,0,0,1,0,0,0
29000000,4,102,1,0,0,0,0,1,0,0,0
25000000,4,115,1,0,0,0,0,1,0,0,0
30000000,4,94,1,0,0,0,0,1,0,0,0
65000000,4,102,1,0,0,0,0,1,0,0,0
80000000,4,99,1,0,0,0,0,1,0,0,0
8000000,4,138,1,0,0,0,0,1,0,0,0
55000000,4,132,1,0,0,0,0,1,0,0,0
45000000,4,107,1,0,0,0,0,1,0,0,0
40000000,4,93,1,0,0,0,0,1,0,0,0
15000000,4,108,1,0,0,0,0,1,0,0,0
30000000,4,96,1,0,0,0,0,1,0,0,0
100000000,4,106,1,0,0,0,0,1,0,0,0
25000000,4,103,1,0,0,0,0,1,0,0,0
150000000,3,102,1,0,0,0,0,0,0,1,0
1000000,3,112,1,0,0,0,0,0,0,1,0
6000000,3,99,1,0,0,0,0,0,0,1,0
350000,4,90,1,0,0,0,0,0,0,1,0
8000000,2,126,1,0,0,0,0,0,0,1,1
23000000,4,98,1,0,0,0,0,0,0,1,0
70000000,3,92,1,0,0,0,0,0,0,1,0
16000000,3,110,1,0,0,0,0,0,0,1,0
75000000,4,110,1,0,0,0,0,0,0,1,0
47000000,3,81,1,0,0,0,0,0,0,1,0
110000000,4,102,1,0,0,0,0,0,0,1,0
65000000,4,117,1,0,0,0,0,0,0,1,0
140000000,3,184,1,0,0,0,0,0,0,1,0
140000000,4,154,1,0,0,0,0,0,0,1,0
110000000,4,142,1,0,0,0,0,0,0,1,0
75000000,4,124,1,0,0,0,0,0,0,1,0
1100000,4,92,1,0,0,0,0,0,0,1,0
25000000,4,129,1,0,0,0,0,0,0,1,0
130000000,4,215,1,0,0,0,0,0,0,1,0
100000000,4,115,1,0,0,0,0,0,0,1,0
46000000,4,116,1,0,0,0,0,0,0,1,0
15000000,2,110,1,0,0,0,0,0,0,1,0
103000000,4,171,1,0,0,0,0,0,0,1,0
75000000,3,120,1,0,0,0,0,0,0,1,0
110000000,3,127,1,0,0,0,0,0,0,1,0
50000000,3,107,1,0,0,0,0,0,0,1,0
93000000,3,105,1,0,0,0,0,0,0,1,0
90000000,3,104,1,0,0,0,0,0,0,1,0
115000000,4,109,1,0,0,0,0,0,0,1,0
20000000,4,107,1,0,0,0,0,0,0,1,0
60000000,3,107,1,0,0,0,0,0,0,1,0
72000000,3,116,1,0,0,0,0,0,0,1,0
20000000,3,110,1,0,0,0,0,0,0,1,0
55000000,4,116,1,0,0,0,0,0,0,1,0
28000000,3,123,1,0,0,0,0,0,0,1,0
30000000,3,111,1,0,0,0,0,0,0,1,0
60000000,3,105,1,0,0,0,0,0,0,1,0
55000000,3,115,1,0,0,0,0,0,0,1,0
15000000,3,112,1,0,0,0,0,0,0,1,0
20000000,3,92,1,0,0,0,0,0,0,1,0
68000000,3,124,1,0,0,0,0,0,0,1,0
150000000,3,131,1,0,0,0,0,0,0,1,0
70000000,4,128,1,0,0,0,0,0,0,1,0
85000000,4,108,1,0,0,0,0,0,0,1,0
10000000,4,92,1,0,0,0,0,0,0,1,0
50000000,4,127,1,0,0,0,0,0,0,1,0
65000000,4,135,1,0,0,0,0,0,0,1,0
25000000,4,110,1,0,0,0,0,0,0,1,0
70000000,4,110,1,0,0,0,0,0,0,1,0
60000000,4,131,1,0,0,0,0,0,0,1,0
54000000,4,132,1,0,0,0,0,0,0,1,0
40000000,3,106,1,0,0,0,0,0,0,1,0
35000000,3,115,1,0,0,0,0,0,0,1,0
50000000,4,144,1,0,0,0,0,0,0,1,0
53000000,4,123,1,0,0,0,0,0,0,1,0
70000000,4,142,1,0,0,0,0,0,0,1,0
68000000,4,134,1,0,0,0,0,0,0,1,0
50000000,4,125,1,0,0,0,0,0,0,1,0
70000000,4,169,1,0,0,0,0,0,0,1,0
115000000,4,153,1,0,0,0,0,0,0,1,0
80000000,4,132,1,0,0,0,0,0,0,1,0
25000000,4,98,1,0,0,0,0,0,0,1,0
120000000,2,135,1,0,0,0,0,0,0,0,1
82000000,3,128,1,0,0,0,0,0,0,0,0
69000000,4,105,1,0,0,0,0,0,0,0,0
26000000,4,100,1,0,0,0,0,0,0,0,0
70000000,4,88,1,0,0,0,0,0,0,0,0
83000000,4,121,1,0,0,0,0,0,0,0,0
8000000,4,98,1,0,0,0,0,0,0,0,0
66000000,3,132,1,0,0,0,0,0,0,0,0
60000000,3,87,1,0,0,0,0,0,0,0,0
3000000,4,97,1,0,0,0,0,0,0,0,0
20000000,3,97,1,0,0,0,0,0,0,0,0
4500000,4,88,1,0,0,0,0,0,0,0,0
28000000,4,99,1,0,0,0,0,0,0,0,0
13000000,4,92,1,0,0,0,0,0,0,0,0
7000000,4,103,1,0,0,0,0,0,0,0,0
57000000,3,96,1,0,0,0,0,0,0,0,0
110000000,3,123,1,0,0,0,0,0,0,0,0
50000000,4,104,1,0,0,0,0,0,0,0,0
45000000,4,110,1,0,0,0,0,0,0,0,0
40000000,4,98,1,0,0,0,0,0,0,0,0
28000000,3,108,1,0,0,0,0,0,0,0,0
2700000,4,93,1,0,0,0,0,0,0,0,0
50000000,4,145,1,0,0,0,0,0,0,0,0
75000000,4,116,1,0,0,0,0,0,0,0,0
28000000,4,98,1,0,0,0,0,0,0,0,0
35000000,4,103,1,0,0,0,0,0,0,0,0
15000000,4,107,1,0,0,0,0,0,0,0,0
60000000,3,109,1,0,0,0,0,0,0,0,0
30000000,3,94,1,0,0,0,0,0,0,0,0
40000000,4,102,1,0,0,0,0,0,0,0,0
54000000,4,117,1,0,0,0,0,0,0,0,0
15000000,4,114,1,0,0,0,0,0,0,0,0
95000000,4,119,1,0,0,0,0,0,0,0,0
11000000,4,85,1,0,0,0,0,0,0,0,0
35000000,4,108,1,0,0,0,0,0,0,0,0
9000000,4,103,1,0,0,0,0,0,0,0,0
26000000,4,110,1,0,0,0,0,0,0,0,0
30000000,4,97,1,0,0,0,0,0,0,0,0
53000000,4,189,1,0,0,0,0,0,0,0,0
10000000,4,82,1,0,0,0,0,0,0,0,0
20000000,4,104,1,0,0,0,0,0,0,0,0
120000000,3,115,1,0,0,0,0,0,0,0,0
102000000,3,145,1,0,0,0,0,0,0,0,0
60000000,3,119,1,0,0,0,0,0,0,0,0
26000000,3,117,1,0,0,0,0,0,0,0,0
82000000,3,123,1,0,0,0,0,0,0,0,0
34000000,3,113,1,0,0,0,0,0,0,0,0
35000000,3,106,1,0,0,0,0,0,0,0,0
80000000,3,118,1,0,0,0,0,0,0,0,0
60000000,3,119,1,0,0,0,0,0,0,0,0
75000000,3,108,1,0,0,0,0,0,0,0,0
110000000,3,115,1,0,0,0,0,0,0,0,0
38000000,4,102,1,0,0,0,0,0,0,0,0
100000000,3,103,1,0,0,0,0,0,0,0,0
20000000,2,99,1,0,0,0,0,0,0,0,0
62000000,3,93,1,0,0,0,0,0,0,0,0
70000000,3,116,1,0,0,0,0,0,0,0,0
110000000,3,114,1,0,0,0,0,0,0,0,0
137000000,3,138,1,0,0,0,0,0,0,0,0
102000000,4,153,1,0,0,0,0,0,0,0,0
200000000,4,109,1,0,0,0,0,0,0,0,0
150000000,4,138,1,0,0,0,0,0,0,0,0
63000000,4,136,1,0,0,0,0,0,0,0,0
65000000,4,113,1,0,0,0,0,0,0,0,0
24000000,4,83,1,0,0,0,0,0,0,0,0
70000000,4,98,1,0,0,0,0,0,0,0,0
40000000,3,109,1,0,0,0,0,0,0,0,0
70000000,3,106,1,0,0,0,0,0,0,0,0
10000000,3,97,1,0,0,0,0,0,0,0,0
80000000,3,89,1,0,0,0,0,0,0,0,0
49000000,3,85,1,0,0,0,0,0,0,0,0
61000000,3,132,1,0,0,0,0,0,0,0,0
45000000,4,111,1,0,0,0,0,0,0,0,0
60000000,4,105,1,0,0,0,0,0,0,0,0
50000000,4,95,1,0,0,0,0,0,0,0,0
38000000,4,127,1,0,0,0,0,0,0,0,0
105000000,4,129,1,0,0,0,0,0,0,0,0
5600000,3,95,1,0,0,0,0,0,0,0,0
50000000,3,89,1,0,0,0,0,0,0,0,0
20000000,3,93,1,0,0,0,0,0,0,0,0
250000000,3,164,1,0,0,0,0,0,0,0,0
100000000,3,98,1,0,0,0,0,0,0,0,0
92000000,4,101,1,0,0,0,0,0,0,0,0
55000000,4,92,1,0,0,0,0,0,0,0,0
70000000,4,124,1,0,0,0,0,0,0,0,0
28000000,4,131,1,0,0,0,0,0,0,0,0
5000000,4,103,1,0,0,0,0,0,0,0,0
70000000,4,119,1,0,0,0,0,0,0,0,0
45000000,4,117,1,0,0,0,0,0,0,0,0
17000000,4,114,1,0,0,0,0,0,0,0,0
45000000,4,103,1,0,0,0,0,0,0,0,0
50000000,4,124,1,0,0,0,0,0,0,0,0
70000000,4,116,1,0,0,0,0,0,0,0,0
71000000,4,100,1,0,0,0,0,0,0,0,0
60000000,4,92,1,0,0,0,0,0,0,0,0
35000000,3,94,1,0,0,0,0,0,0,0,0
2000000,3,120,0,1,0,0,0,0,0,0,0
175000000,4,196,0,1,0,0,0,0,0,0,0
70000000,2,99,0,1,1,1,0,0,0,1,1
75000000,3,87,0,1,1,0,1,0,0,0,0
12000000,3,81,0,1,1,0,1,1,0,0,0
40000000,2,87,0,1,1,0,1,1,0,0,1
150000000,2,96,0,1,1,0,1,0,0,1,1
175000000,2,95,0,1,1,0,1,0,0,1,1
40000000,1,86,0,1,1,0,1,0,0,1,1
60000000,2,85,0,1,1,0,1,0,0,1,1
80000000,2,85,0,1,1,0,1,0,0,1,1
14000000,1,82,0,1,1,0,1,0,0,1,1
24000000,1,83,0,1,1,0,1,0,0,1,1
50000000,1,78,0,1,1,0,1,0,0,0,1
94000000,1,100,0,1,1,0,1,0,0,0,1
99000000,1,88,0,1,1,0,1,0,0,0,1
15000000,1,85,0,1,1,0,1,0,0,0,1
105000000,2,83,0,1,1,0,1,0,0,0,1
150000000,2,91,0,1,1,0,1,0,0,0,1
55000000,2,91,0,1,1,0,1,0,0,0,1
3000000,2,76,0,1,1,0,1,0,0,0,1
95000000,2,88,0,1,1,0,1,0,0,0,1
59000000,2,103,0,1,1,0,1,0,0,0,1
145000000,2,93,0,1,1,0,1,0,0,0,1
75000000,2,86,0,1,1,0,1,0,0,0,1
85000000,2,83,0,1,1,0,1,0,0,0,1
80000000,2,83,0,1,1,0,1,0,0,0,1
132000000,2,92,0,1,1,0,1,0,0,0,1
75000000,2,90,0,1,1,0,1,0,0,0,1
175000000,2,96,0,1,1,0,1,0,0,0,1
80000000,2,80,0,1,1,0,1,0,0,0,1
120000000,1,95,0,1,1,0,1,0,0,0,1
20000000,1,77,0,1,1,0,1,0,0,0,1
200000000,1,104,0,1,1,0,1,0,0,0,1
115000000,1,92,0,1,1,0,1,0,0,0,1
100000000,1,78,0,1,1,0,1,0,0,0,1
90000000,1,82,0,1,1,0,1,0,0,0,1
200000000,1,103,0,1,1,0,1,0,0,0,1
30000000,1,74,0,1,1,0,1,0,0,0,1
185000000,2,93,0,1,1,0,1,0,0,0,1
47000000,2,75,0,1,1,0,1,0,0,0,1
63000000,2,95,0,1,1,0,1,0,0,0,1
60000000,2,92,0,1,1,0,1,0,0,0,1
165000000,2,93,0,1,1,0,1,0,0,0,1
160000000,2,93,0,1,1,0,1,0,0,0,1
60000000,2,90,0,1,1,0,1,0,0,0,1
120000000,2,77,0,1,1,0,1,0,0,0,1
76000000,2,92,0,1,1,0,1,0,0,0,1
50000000,2,88,0,1,1,0,1,0,0,0,1
60000000,2,96,0,1,1,0,1,0,0,0,1
135000000,2,98,0,1,1,0,1,0,0,0,1
105000000,2,105,0,1,1,0,1,0,0,0,1
110000000,2,103,0,1,1,0,1,0,0,0,1
74000000,2,92,0,1,1,0,1,0,0,0,1
30000000,2,87,0,1,1,0,1,0,0,0,1
25000000,2,85,0,1,1,0,1,0,0,0,1
75000000,1,87,0,1,1,0,1,0,0,0,1
90000000,2,92,0,1,1,0,1,0,0,0,1
150000000,2,102,0,1,1,0,1,0,0,0,1
25000000,2,80,0,1,1,0,1,0,0,0,1
28000000,1,90,0,1,1,0,1,0,0,0,1
260000000,2,100,0,1,1,0,1,0,0,0,1
150000000,2,93,0,1,1,0,1,0,0,0,1
50000000,2,95,0,1,1,0,1,0,0,0,1
135000000,2,94,0,1,1,0,1,0,0,0,1
80000000,2,88,0,1,1,0,1,0,0,0,1
103000000,1,101,0,1,1,0,1,0,0,0,1
90000000,1,96,0,1,1,0,1,0,0,0,1
30000000,1,63,0,1,1,0,1,0,0,0,1
20000000,2,90,0,1,1,0,1,0,0,0,1
95000000,2,89,0,1,1,0,1,0,0,0,1
150000000,1,81,0,1,1,0,1,0,0,0,1
37000000,1,81,0,1,1,0,1,0,0,0,1
40000000,2,89,0,1,1,0,1,0,0,0,1
145000000,2,92,0,1,1,0,1,0,0,0,1
75000000,2,91,0,1,1,0,1,0,0,0,1
165000000,2,101,0,1,1,0,1,0,0,0,1
200000000,1,106,0,1,1,0,1,0,0,0,1
120000000,1,117,0,1,1,0,1,0,0,0,1
135000000,2,96,0,1,1,0,1,0,0,0,1
135000000,2,107,0,1,1,0,1,0,0,0,1
40000000,2,94,0,1,1,0,1,0,0,0,0
50000000,1,94,0,1,1,0,0,0,0,1,1
55000000,1,84,0,1,1,0,0,0,0,1,1
45000000,1,73,0,1,1,0,0,0,0,1,1
12500000,1,69,0,1,1,0,0,0,0,0,1
80000000,2,87,0,1,1,0,0,0,0,0,1
20000000,1,72,0,1,1,0,0,0,0,0,1
165000000,1,100,0,1,1,0,0,0,0,0,1
100000000,2,102,0,1,1,0,0,0,0,0,1
165000000,2,98,0,1,1,0,0,0,0,0,1
145000000,2,97,0,1,1,0,0,0,0,0,1
70000000,2,88,0,1,1,0,0,0,0,0,1
90000000,1,88,0,1,1,0,0,0,0,0,1
20000000,1,72,0,1,1,0,0,0,0,0,1
180000000,1,98,0,1,1,0,0,0,0,0,1
140000000,2,95,0,1,1,0,0,0,0,0,1
127500000,2,82,0,1,1,0,0,0,0,0,1
80000000,1,83,0,1,1,0,0,0,0,0,1
28000000,4,139,0,1,0,1,0,0,0,0,0
63000000,3,212,0,1,0,1,0,1,0,1,0
7000000,2,113,0,1,0,1,0,0,0,1,0
15000000,4,148,0,1,0,1,0,0,0,1,0
15000000,4,115,0,1,0,1,0,0,0,1,0
70000000,3,136,0,1,0,1,0,0,0,1,0
500000,4,79,0,1,0,1,0,0,0,1,0
35000000,2,123,0,1,0,1,0,0,0,1,0
18000000,4,94,0,1,0,1,0,0,0,1,0
32000000,4,120,0,1,0,1,0,0,0,1,0
10000000,3,120,0,1,0,1,0,0,0,1,0
18000000,2,105,0,1,0,0,1,0,0,0,0
30000000,3,90,0,1,0,0,1,0,0,0,0
20000000,3,93,0,1,0,0,1,0,0,0,0
14000000,3,86,0,1,0,0,1,0,0,0,0
21500000,3,101,0,1,0,0,1,0,0,0,0
60000000,3,100,0,1,0,0,1,0,0,0,0
19000000,4,90,0,1,0,0,1,0,0,0,0
12000000,4,102,0,1,0,0,1,0,0,0,0
9000000,4,88,0,1,0,0,1,0,0,0,0
15000000,4,98,0,1,0,0,1,0,0,0,0
20000000,4,87,0,1,0,0,1,0,0,0,0
31000000,4,99,0,1,0,0,1,0,0,0,0
25000000,4,99,0,1,0,0,1,1,0,1,0
50000000,2,99,0,1,0,0,1,1,0,1,1
50000000,2,119,0,1,0,0,1,1,0,0,1
65000000,2,93,0,1,0,0,1,1,0,0,1
34000000,4,123,0,1,0,0,1,1,0,0,0
17700000,3,91,0,1,0,0,1,0,0,1,0
45000000,3,112,0,1,0,0,1,0,0,1,0
45000000,3,97,0,1,0,0,1,0,0,1,0
18500000,4,118,0,1,0,0,1,0,0,1,0
12000000,4,115,0,1,0,0,1,0,0,1,0
50000000,4,119,0,1,0,0,1,0,0,1,0
1000000,4,103,0,1,0,0,1,0,0,1,0
6500000,2,108,0,1,0,0,1,0,0,1,1
85000000,2,106,0,1,0,0,1,0,0,1,1
20000000,2,117,0,1,0,0,1,0,0,1,1
20000000,2,91,0,1,0,0,1,0,0,1,1
10000000,4,130,0,1,0,0,1,0,0,1,0
50000000,2,125,0,1,0,0,1,0,0,1,0
90000000,2,114,0,1,0,0,1,0,0,1,0
60000000,4,152,0,1,0,0,1,0,0,1,0
16000000,3,94,0,1,0,0,1,0,0,1,0
20000000,3,114,0,1,0,0,1,0,0,1,0
12000000,4,126,0,1,0,0,1,0,0,1,0
10000000,4,101,0,1,0,0,1,0,0,1,0
25000000,4,101,0,1,0,0,1,0,0,1,0
85000000,1,100,0,1,0,0,1,0,0,0,1
15000000,2,88,0,1,0,0,1,0,0,0,1
15000000,2,88,0,1,0,0,1,0,0,0,1
60000000,2,94,0,1,0,0,1,0,0,0,1
18000000,2,120,0,1,0,0,1,0,0,0,1
15000000,2,91,0,1,0,0,1,0,0,0,1
13000000,2,89,0,1,0,0,1,0,0,0,1
15000000,1,103,0,1,0,0,1,0,0,0,1
150000000,2,115,0,1,0,0,1,0,0,0,1
112000000,2,85,0,1,0,0,1,0,0,0,1
70000000,2,142,0,1,0,0,1,0,0,0,1
150000000,2,105,0,1,0,0,1,0,0,0,1
127000000,2,98,0,1,0,0,1,0,0,0,1
37000000,2,96,0,1,0,0,1,0,0,0,1
109000000,2,82,0,1,0,0,1,0,0,0,1
58000000,2,103,0,1,0,0,1,0,0,0,1
80000000,2,93,0,1,0,0,1,0,0,0,1
24000000,1,87,0,1,0,0,1,0,0,0,1
17000000,1,73,0,1,0,0,1,0,0,0,1
50000000,1,101,0,1,0,0,1,0,0,0,1
45000000,2,86,0,1,0,0,1,0,0,0,1
17000000,2,94,0,1,0,0,1,0,0,0,1
45000000,2,103,0,1,0,0,1,0,0,0,1
90000000,3,98,0,1,0,0,1,0,0,0,1
32000000,2,95,0,1,0,0,1,0,0,0,1
26000000,2,90,0,1,0,0,1,0,0,0,1
60000000,2,90,0,1,0,0,1,0,0,0,1
35000000,2,100,0,1,0,0,1,0,0,0,1
15000000,2,98,0,1,0,0,1,0,0,0,1
50000000,3,95,0,1,0,0,1,0,0,0,0
49900000,4,102,0,1,0,0,1,0,0,0,0
20000000,2,93,0,1,0,0,1,0,0,0,0
23600000,4,88,0,1,0,0,1,0,0,0,0
10000000,2,90,0,1,0,0,1,0,0,0,0
84000000,2,86,0,1,0,0,1,0,0,0,0
19000000,3,95,0,1,0,0,1,0,0,0,0
19000000,4,129,0,1,0,0,1,0,0,0,0
13000000,3,84,0,1,0,0,1,0,0,0,0
40000000,2,108,0,1,0,0,1,0,0,0,0
19000000,2,116,0,1,0,0,1,0,0,0,0
45000000,2,102,0,1,0,0,1,0,0,0,0
22700000,2,96,0,1,0,0,1,0,0,0,0
3000000,2,100,0,1,0,0,1,0,0,0,0
25000000,2,119,0,1,0,0,1,0,0,0,0
50000000,2,109,0,1,0,0,1,0,0,0,0
100000000,3,102,0,1,0,0,1,0,0,0,0
40000000,4,109,0,1,0,0,1,0,0,0,0
40000000,2,118,0,1,0,0,1,0,0,0,0
2600000,2,91,0,1,0,0,1,0,0,0,0
55000000,4,122,0,1,0,0,0,1,0,1,0
20000000,3,96,0,1,0,0,0,1,0,0,0
14000000,2,107,0,1,0,0,0,0,0,1,0
10000000,3,108,0,1,0,0,0,0,0,1,0
21000000,3,99,0,1,0,0,0,0,0,1,0
38000000,3,129,0,1,0,0,0,0,0,1,0
8000000,4,89,0,1,0,0,0,0,0,1,0
25000000,4,111,0,1,0,0,0,0,0,1,0
12000000,2,100,0,1,0,0,0,0,0,1,1
40000000,2,120,0,1,0,0,0,0,0,1,1
15000000,2,95,0,1,0,0,0,0,0,1,1
17000000,2,96,0,1,0,0,0,0,0,1,1
170000000,2,126,0,1,0,0,0,0,0,1,1
120000000,2,127,0,1,0,0,0,0,0,1,0
70000000,3,125,0,1,0,0,0,0,0,1,0
15000000,4,98,0,1,0,0,0,0,0,1,0
120000000,3,115,0,1,0,0,0,0,0,1,0
68000000,3,124,0,1,0,0,0,0,0,1,0
50000000,3,130,0,1,0,0,0,0,0,1,0
62000000,2,140,0,1,0,0,0,0,0,1,0
27000000,2,193,0,1,0,0,0,0,0,1,0
79000000,4,154,0,1,0,0,0,0,0,1,0
55000000,4,110,0,1,0,0,0,0,0,1,0
40000000,3,129,0,1,0,0,0,0,0,1,0
3500000,4,103,0,1,0,0,0,0,0,1,0
90000000,3,143,0,1,0,0,0,0,0,1,0
34000000,3,114,0,1,0,0,0,0,0,1,0
40000000,3,106,0,1,0,0,0,0,0,1,0
11000000,3,102,0,1,0,0,0,0,0,1,0
35000000,4,127,0,1,0,0,0,0,0,1,0
13000000,2,104,0,1,0,0,0,0,0,1,0
100000000,3,146,0,1,0,0,0,0,0,1,0
165000000,3,169,0,1,0,0,0,0,0,1,0
108000000,3,151,0,1,0,0,0,0,0,1,0
69500000,3,171,0,1,0,0,0,0,0,1,0
78000000,3,142,0,1,0,0,0,0,0,1,0
8000000,2,130,0,1,0,0,0,0,0,1,0
8000000,4,126,0,1,0,0,0,0,0,1,0
30000000,4,108,0,1,0,0,0,0,0,1,0
50000000,4,119,0,1,0,0,0,0,0,1,0
135000000,4,156,0,1,0,0,0,0,0,1,0
75000000,4,153,0,1,0,0,0,0,0,1,0
22000000,3,236,0,1,0,0,0,0,0,1,0
38000000,3,110,0,1,0,0,0,0,0,1,0
44000000,4,325,0,1,0,0,0,0,0,1,0
25530000,2,95,0,1,0,0,0,0,0,0,1
20000000,2,111,0,1,0,0,0,0,0,0,
200000000,2,108,0,1,0,0,0,0,0,0,1
170000000,2,113,0,1,0,0,0,0,0,0,1
215000000,2,130,0,1,0,0,0,0,0,0,1
150000000,2,111,0,1,0,0,0,0,0,0,1
90000000,2,106,0,1,0,0,0,0,0,0,1
180000000,2,150,0,1,0,0,0,0,0,0,1
155000000,2,113,0,1,0,0,0,0,0,0,1
90000000,2,107,0,1,0,0,0,0,0,0,1
180000000,3,113,0,1,0,0,0,0,0,0,1
24000000,1,118,0,1,0,0,0,0,0,0,1
20000000,1,88,0,1,0,0,0,0,0,0,1
2800000,2,102,0,1,0,0,0,0,0,0,1
16000000,2,98,0,1,0,0,0,0,0,0,1
55000000,2,90,0,1,0,0,0,0,0,0,1
500000,1,86,0,1,0,0,0,0,0,0,1
13000000,2,91,0,1,0,0,0,0,0,0,1
195000000,3,114,0,1,0,0,0,0,0,0,0
180000000,3,182,0,1,0,0,0,0,0,0,0
225000000,3,186,0,1,0,0,0,0,0,0,0
20000000,4,129,0,1,0,0,0,0,0,0,0
4000000,4,87,0,1,0,0,0,0,0,0,0
15000000,4,90,0,1,0,0,0,0,0,0,0
18000000,3,109,0,1,0,0,0,0,0,0,0
5000000,4,100,0,1,0,0,0,0,0,0,0
6000000,4,100,0,1,0,0,0,0,0,0,0
20000000,2,131,0,1,0,0,0,0,0,0,0
17000000,2,102,0,1,0,0,0,0,0,0,0
23000000,3,92,0,1,0,0,0,0,0,0,0
30000000,3,93,0,1,0,0,0,0,0,0,0
35000000,2,143,0,1,0,0,0,0,0,0,0
85000000,3,139,0,1,0,0,0,0,0,0,0
130000000,4,124,0,1,0,0,0,0,0,0,0
14000000,2,118,0,1,0,0,0,0,0,0,0
14000000,4,108,0,1,0,0,0,0,0,0,0
160000000,3,137,0,1,0,0,0,0,0,0,0
90000000,2,114,0,1,0,0,0,0,0,0,0
110000000,3,119,0,1,0,0,0,0,0,0,0
63000000,3,127,0,1,0,0,0,0,0,0,0
130000000,3,146,0,1,0,0,0,0,0,0,0
125000000,3,123,0,1,0,0,0,0,0,0,0
132000000,3,116,0,1,0,0,0,0,0,0,0
3800000,1,152,0,1,0,0,0,0,0,0,0
30000000,1,77,0,0,1,0,1,0,0,1,1
250000,4,75,0,0,1,0,1,0,0,1,0
8000000,4,90,0,0,1,0,1,0,0,1,0
5000000,1,77,0,0,1,0,1,0,0,0,1
69000000,2,87,0,0,1,0,1,0,0,0,1
30000000,2,86,0,0,1,0,1,0,0,0,1
150000000,1,111,0,0,1,0,1,0,0,0,1
35000000,2,80,0,0,1,0,1,0,0,0,1
80000000,2,89,0,0,1,0,1,0,0,0,1
85000000,2,91,0,0,1,0,1,0,0,0,1
75000000,2,88,0,0,1,0,1,0,0,0,1
60000000,2,92,0,0,1,0,1,0,0,0,1
32000000,1,75,0,0,1,0,1,0,0,0,1
10000000,2,74,0,0,1,0,1,0,0,0,1
85000000,2,107,0,0,1,0,1,0,0,0,1
75000000,2,91,0,0,1,0,1,0,0,0,1
78000000,2,95,0,0,1,0,1,0,0,0,1
39000000,2,87,0,0,1,0,1,0,0,0,1
100000000,2,108,0,0,1,0,1,0,0,0,1
110000000,2,76,0,0,1,0,1,0,0,0,1
23000000,1,82,0,0,1,0,1,0,0,0,1
100000000,2,90,0,0,1,0,1,0,0,0,1
76000000,2,98,0,0,1,0,1,0,0,0,1
100000000,2,85,0,0,1,0,1,0,0,0,1
75000000,3,93,0,0,1,0,1,0,0,0,0
21000000,4,81,0,0,1,0,1,0,0,0,0
200000000,2,96,0,0,1,0,0,0,0,1,1
40000000,2,77,0,0,1,0,0,0,0,1,1
100000000,1,91,0,0,1,0,0,0,0,1,1
8700000,4,100,0,0,1,0,0,0,0,1,0
60000000,2,100,0,0,1,0,0,0,0,0,1
80000000,1,74,0,0,1,0,0,0,0,0,1
2280000,1,120,0,0,1,0,0,0,0,0,1
2600000,1,88,0,0,1,0,0,0,0,0,1
2000000,1,83,0,0,1,0,0,0,0,0,1
105000000,1,97,0,0,1,0,0,0,0,0,1
20000000,1,68,0,0,1,0,0,0,0,0,1
100000000,4,240,0,0,0,1,1,1,0,1,0
3000000,4,113,0,0,0,1,1,0,1,0,0
60000000,3,124,0,0,0,1,1,0,0,1,0
48000000,3,132,0,0,0,1,1,0,0,1,0
18000000,4,127,0,0,0,1,1,0,0,1,0
23000000,2,94,0,0,0,1,1,0,0,1,1
75000000,4,102,0,0,0,1,1,0,0,1,0
28000000,4,130,0,0,0,1,1,0,0,1,0
35000000,3,125,0,0,0,1,1,0,0,1,0
50000000,3,115,0,0,0,1,1,0,0,1,0
1000000,4,95,0,0,0,1,1,0,0,1,0
13000000,4,121,0,0,0,1,1,0,0,1,0
20000000,2,124,0,0,0,1,1,0,0,0,0
60000,4,87,0,0,0,1,1,0,0,0,0
36000000,4,95,0,0,0,1,1,0,0,0,0
8000000,2,112,0,0,0,1,0,1,0,1,0
52000000,3,141,0,0,0,1,0,1,0,1,0
100000000,4,176,0,0,0,1,0,1,0,1,0
7000000,4,105,0,0,0,1,0,1,0,1,0
53000000,4,123,0,0,0,1,0,1,0,1,0
30000000,4,124,0,0,0,1,0,1,0,1,0
52000000,4,178,0,0,0,1,0,1,0,1,0
35000000,4,147,0,0,0,1,0,1,0,1,0
25000000,4,146,0,0,0,1,0,1,0,1,0
35000000,4,140,0,0,0,1,0,1,0,1,0
13000000,4,118,0,0,0,1,0,1,0,1,0
35000000,4,137,0,0,0,1,0,1,0,1,0
10000000,4,106,0,0,0,1,0,1,0,1,0
20000000,4,128,0,0,0,1,0,1,0,1,0
28000000,4,167,0,0,0,1,0,1,0,1,0
100000000,4,140,0,0,0,1,0,1,0,1,0
30000000,4,160,0,0,0,1,0,1,0,1,0
40000000,4,117,0,0,0,1,0,1,0,1,0
5000000,4,112,0,0,0,1,0,1,0,1,0
10000000,3,106,0,0,0,1,0,1,0,1,0
2000000,4,118,0,0,0,1,0,1,0,1,0
270000,4,90,0,0,0,1,0,1,0,1,0
4500000,4,109,0,0,0,1,0,1,0,1,0
5000000,4,98,0,0,0,1,0,1,0,1,0
6000000,2,110,0,0,0,1,0,1,0,1,0
218,6,88,0,0,0,1,0,0,1,0,0
2000000,5,89,0,0,0,1,0,0,1,0,0
500000,4,108,0,0,0,1,0,0,1,0,0
12000000,2,99,0,0,0,1,0,0,0,1,0
58000000,3,135,0,0,0,1,0,0,0,1,0
12500000,3,117,0,0,0,1,0,0,0,1,0
20000000,3,119,0,0,0,1,0,0,0,1,0
30000000,3,132,0,0,0,1,0,0,0,1,0
110000000,3,170,0,0,0,1,0,0,0,1,0
15000000,3,126,0,0,0,1,0,0,0,1,0
55000000,3,117,0,0,0,1,0,0,0,1,0
40000000,3,120,0,0,0,1,0,0,0,1,0
3300000,4,108,0,0,0,1,0,0,0,1,0
5000000,4,117,0,0,0,1,0,0,0,1,0
52000000,4,131,0,0,0,1,0,0,0,1,0
7000000,4,99,0,0,0,1,0,0,0,1,0
24000000,4,127,0,0,0,1,0,0,0,1,0
3500000,4,105,0,0,0,1,0,0,0,1,0
11000000,4,118,0,0,0,1,0,0,0,1,0
32000000,4,129,0,0,0,1,0,0,0,1,0
6000000,4,122,0,0,0,1,0,0,0,1,0
5000000,4,103,0,0,0,1,0,0,0,1,0
4000000,4,92,0,0,0,1,0,0,0,1,0
25000000,2,101,0,0,0,1,0,0,0,1,1
35000000,2,123,0,0,0,1,0,0,0,1,1
8200000,1,174,0,0,0,1,0,0,0,1,1
18000000,2,106,0,0,0,1,0,0,0,1,1
20000000,1,225,0,0,0,1,0,0,0,1,0
7500000,2,93,0,0,0,1,0,0,0,1,0
20000000,2,123,0,0,0,1,0,0,0,1,0
22000000,3,170,0,0,0,1,0,0,0,1,0
25100000,3,129,0,0,0,1,0,0,0,1,0
20000000,4,134,0,0,0,1,0,0,0,1,0
20000000,4,128,0,0,0,1,0,0,0,1,0
50000000,4,212,0,0,0,1,0,0,0,1,0
22000000,4,185,0,0,0,1,0,0,0,1,0
18000000,4,180,0,0,0,1,0,0,0,1,0
55000000,2,135,0,0,0,1,0,0,0,1,0
33000000,3,202,0,0,0,1,0,0,0,1,0
40000000,3,123,0,0,0,1,0,0,0,1,0
30000000,3,150,0,0,0,1,0,0,0,1,0
28000000,2,135,0,0,0,1,0,0,0,1,0
60000000,3,134,0,0,0,1,0,0,0,1,0
44500000,4,130,0,0,0,1,0,0,0,1,0
16000000,4,108,0,0,0,1,0,0,0,1,0
28000000,3,134,0,0,0,1,0,0,0,1,0
65000000,3,150,0,0,0,1,0,0,0,1,0
72000000,4,178,0,0,0,1,0,0,0,1,0
20000000,2,127,0,0,0,1,0,0,0,1,0
11000000,3,104,0,0,0,1,0,0,0,1,0
30000000,3,139,0,0,0,1,0,0,0,1,0
6500000,3,108,0,0,0,1,0,0,0,1,0
40000000,3,178,0,0,0,1,0,0,0,1,0
12000000,4,109,0,0,0,1,0,0,0,1,0
20000000,4,135,0,0,0,1,0,0,0,1,0
10000000,4,106,0,0,0,1,0,0,0,1,0
23000000,3,118,0,0,0,1,0,0,0,1,0
20000000,3,125,0,0,0,1,0,0,0,1,0
40000000,4,134,0,0,0,1,0,0,0,1,0
38000000,4,140,0,0,0,1,0,0,0,1,0
28000000,3,153,0,0,0,1,0,0,0,1,0
40000000,2,107,0,0,0,1,0,0,0,1,0
31000000,2,161,0,0,0,1,0,0,0,1,0
7000000,3,103,0,0,0,1,0,0,0,1,0
40000000,3,123,0,0,0,1,0,0,0,1,0
12000000,4,123,0,0,0,1,0,0,0,1,0
900000,4,85,0,0,0,1,0,0,0,1,0
16800000,4,122,0,0,0,1,0,0,0,1,0
39000000,3,110,0,0,0,1,0,0,0,1,0
8000000,3,106,0,0,0,1,0,0,0,1,0
20000000,2,116,0,0,0,1,0,0,0,1,0
20000000,2,118,0,0,0,1,0,0,0,1,0
17000000,2,129,0,0,0,1,0,0,0,1,0
25000000,2,124,0,0,0,1,0,0,0,1,0
35000000,2,109,0,0,0,1,0,0,0,1,0
30000000,2,120,0,0,0,1,0,0,0,1,0
6000000,2,90,0,0,0,1,0,0,0,1,0
40000000,2,130,0,0,0,1,0,0,0,1,0
40000000,3,128,0,0,0,1,0,0,0,1,0
88000000,3,144,0,0,0,1,0,0,0,1,0
9000000,3,95,0,0,0,1,0,0,0,1,0
25000000,3,107,0,0,0,1,0,0,0,1,0
50000000,3,133,0,0,0,1,0,0,0,1,0
29000000,3,129,0,0,0,1,0,0,0,1,0
25000000,3,117,0,0,0,1,0,0,0,1,0
107000000,4,165,0,0,0,1,0,0,0,1,0
18000000,4,121,0,0,0,1,0,0,0,1,0
25000000,4,116,0,0,0,1,0,0,0,1,0
38000000,4,146,0,0,0,1,0,0,0,1,0
65000000,3,137,0,0,0,1,0,0,0,1,0
55000000,3,134,0,0,0,1,0,0,0,1,0
22000000,3,108,0,0,0,1,0,0,0,1,0
3500000,4,107,0,0,0,1,0,0,0,1,0
28000000,4,128,0,0,0,1,0,0,0,1,0
68000000,4,157,0,0,0,1,0,0,0,1,0
14000000,4,145,0,0,0,1,0,0,0,1,0
500000,6,84,0,0,0,0,1,0,0,0,0
600000,6,93,0,0,0,0,1,0,0,0,0
3500000,2,88,0,0,0,0,1,0,0,0,0
79000000,2,91,0,0,0,0,1,0,0,0,0
5000000,2,98,0,0,0,0,1,0,0,0,0
400000,2,92,0,0,0,0,1,0,0,0,0
16000000,2,88,0,0,0,0,1,0,0,0,0
39000000,2,93,0,0,0,0,1,0,0,0,0
41000000,2,100,0,0,0,0,1,0,0,0,0
26000000,2,103,0,0,0,0,1,0,0,0,0
20000000,2,98,0,0,0,0,1,0,0,0,0
2800000,2,106,0,0,0,0,1,0,0,0,0
12000000,3,78,0,0,0,0,1,0,0,0,0
50000000,3,143,0,0,0,0,1,0,0,0,0
26000000,3,98,0,0,0,0,1,0,0,0,0
8500000,3,96,0,0,0,0,1,0,0,0,0
6000000,3,90,0,0,0,0,1,0,0,0,0
55000000,3,85,0,0,0,0,1,0,0,0,0
33000000,3,105,0,0,0,0,1,0,0,0,0
10000000,3,95,0,0,0,0,1,0,0,0,0
60000000,3,113,0,0,0,0,1,0,0,0,0
17000000,3,98,0,0,0,0,1,0,0,0,0
25000000,3,88,0,0,0,0,1,0,0,0,0
16000000,3,113,0,0,0,0,1,0,0,0,0
35000000,3,109,0,0,0,0,1,0,0,0,0
19000000,3,85,0,0,0,0,1,0,0,0,0
40000000,3,89,0,0,0,0,1,0,0,0,0
40000000,3,99,0,0,0,0,1,0,0,0,0
12000000,3,86,0,0,0,0,1,0,0,0,0
80000000,3,101,0,0,0,0,1,0,0,0,0
80000000,3,102,0,0,0,0,1,0,0,0,0
35200000,3,95,0,0,0,0,1,0,0,0,0
8000000,3,89,0,0,0,0,1,0,0,0,0
35000000,3,90,0,0,0,0,1,0,0,0,0
12000000,3,97,0,0,0,0,1,0,0,0,0
45000000,3,95,0,0,0,0,1,0,0,0,0
17000000,3,107,0,0,0,0,1,0,0,0,0
17000000,3,97,0,0,0,0,1,0,0,0,0
55000000,3,108,0,0,0,0,1,0,0,0,0
30000000,3,86,0,0,0,0,1,0,0,0,0
8000000,3,79,0,0,0,0,1,0,0,0,0
3000000,3,99,0,0,0,0,1,0,0,0,0
48000000,3,84,0,0,0,0,1,0,0,0,0
45000000,3,89,0,0,0,0,1,0,0,0,0
20000000,3,88,0,0,0,0,1,0,0,0,0
20000000,3,108,0,0,0,0,1,0,0,0,0
55000000,3,118,0,0,0,0,1,0,0,0,0
8500000,3,101,0,0,0,0,1,0,0,0,0
30000000,3,100,0,0,0,0,1,0,0,0,0
58000000,3,125,0,0,0,0,1,0,0,0,0
500000,3,91,0,0,0,0,1,0,0,0,0
15000000,3,97,0,0,0,0,1,0,0,0,0
13000000,3,92,0,0,0,0,1,0,0,0,0
40000000,3,90,0,0,0,0,1,0,0,0,0
20000000,3,82,0,0,0,0,1,0,0,0,0
50000000,3,102,0,0,0,0,1,0,0,0,0
13000000,4,93,0,0,0,0,1,0,0,0,0
6000000,4,82,0,0,0,0,1,0,0,0,0
30000000,4,108,0,0,0,0,1,0,0,0,0
11000000,4,95,0,0,0,0,1,0,0,0,0
50000000,4,113,0,0,0,0,1,0,0,0,0
10000000,4,86,0,0,0,0,1,0,0,0,0
14000000,4,103,0,0,0,0,1,0,0,0,0
3000000,4,109,0,0,0,0,1,0,0,0,0
15000000,4,102,0,0,0,0,1,0,0,0,0
20000000,4,100,0,0,0,0,1,0,0,0,0
20000000,4,97,0,0,0,0,1,0,0,0,0
17500000,4,110,0,0,0,0,1,0,0,0,0
20000000,4,97,0,0,0,0,1,0,0,0,0
18000000,4,82,0,0,0,0,1,0,0,0,0
42000000,4,81,0,0,0,0,1,0,0,0,0
12000000,4,110,0,0,0,0,1,0,0,0,0
10000000,4,97,0,0,0,0,1,0,0,0,0
5000000,4,97,0,0,0,0,1,0,0,0,0
230000,4,102,0,0,0,0,1,0,0,0,0
6500000,4,94,0,0,0,0,1,0,0,0,0
6900000,4,102,0,0,0,0,1,0,0,0,0
14000000,4,96,0,0,0,0,1,0,0,0,0
9000000,4,87,0,0,0,0,1,0,0,0,0
20000000,4,96,0,0,0,0,1,0,0,0,0
22000000,4,83,0,0,0,0,1,0,0,0,0
11500000,4,109,0,0,0,0,1,0,0,0,0
25000000,4,93,0,0,0,0,1,0,0,0,0
5000000,4,92,0,0,0,0,1,0,0,0,0
7000000,4,92,0,0,0,0,1,0,0,0,0
850000,4,88,0,0,0,0,1,0,0,0,0
15000000,4,87,0,0,0,0,1,0,0,0,0
650000,4,84,0,0,0,0,1,0,0,0,0
100000,4,81,0,0,0,0,1,0,0,0,0
3500000,4,93,0,0,0,0,1,0,0,0,0
22000000,4,107,0,0,0,0,1,0,0,0,0
22000000,4,104,0,0,0,0,1,0,0,0,0
930000,4,100,0,0,0,0,1,0,0,0,0
17000000,4,104,0,0,0,0,1,0,0,0,0
4000000,4,94,0,0,0,0,1,0,0,0,0
51000000,4,116,0,0,0,0,1,0,0,0,0
6000000,4,94,0,0,0,0,1,0,0,0,0
35000000,4,92,0,0,0,0,1,0,0,0,0
18000000,4,97,0,0,0,0,1,0,0,0,0
9500000,4,98,0,0,0,0,1,0,0,0,0
16000000,4,99,0,0,0,0,1,0,0,0,0
10000000,4,89,0,0,0,0,1,0,0,0,0
24000000,4,88,0,0,0,0,1,0,0,0,0
4500000,4,96,0,0,0,0,1,0,0,0,0
15600000,4,94,0,0,0,0,1,0,0,0,0
45000000,4,83,0,0,0,0,1,0,0,0,0
40000000,4,94,0,0,0,0,1,0,0,0,0
12000000,4,93,0,0,0,0,1,0,0,0,0
16000000,4,92,0,0,0,0,1,0,0,0,0
65000000,4,106,0,0,0,0,1,0,0,0,0
20000000,4,119,0,0,0,0,1,0,0,0,0
6000000,4,85,0,0,0,0,1,0,0,0,0
20000000,4,100,0,0,0,0,1,0,0,0,0
68000000,4,125,0,0,0,0,1,0,0,0,0
70000000,4,116,0,0,0,0,1,0,0,0,0
35000000,4,89,0,0,0,0,1,0,0,0,0
29000000,4,99,0,0,0,0,1,0,0,0,0
10000000,4,93,0,0,0,0,1,0,0,0,0
95000000,4,85,0,0,0,0,1,0,0,0,0
7000000,4,108,0,0,0,0,1,0,0,0,0
60000,4,82,0,0,0,0,1,0,0,0,0
80000000,4,102,0,0,0,0,1,0,0,0,0
35000000,4,108,0,0,0,0,1,0,0,0,0
1000000,4,87,0,0,0,0,1,0,0,0,0
44000000,4,112,0,0,0,0,1,0,0,0,0
11000000,4,84,0,0,0,0,1,0,0,0,0
3400000,4,86,0,0,0,0,1,0,0,0,0
4000000,4,93,0,0,0,0,1,0,0,0,0
35000000,4,134,0,0,0,0,1,0,0,0,0
3000000,4,93,0,0,0,0,1,0,0,0,0
11000000,4,95,0,0,0,0,1,0,0,0,0
35000000,4,91,0,0,0,0,1,0,0,0,0
4000000,4,84,0,0,0,0,1,0,0,0,0
3000000,4,94,0,0,0,0,1,0,0,0,0
18000000,2,91,0,0,0,0,1,1,0,0,0
6200000,2,83,0,0,0,0,1,1,0,0,0
18000000,2,94,0,0,0,0,1,1,0,0,0
15000000,2,107,0,0,0,0,1,1,0,0,0
17000000,3,68,0,0,0,0,1,1,0,0,0
40000000,3,99,0,0,0,0,1,1,0,0,0
11000000,3,86,0,0,0,0,1,1,0,0,0
100000000,3,90,0,0,0,0,1,1,0,0,0
15000000,3,95,0,0,0,0,1,1,0,0,0
64000000,3,98,0,0,0,0,1,1,0,0,0
16000000,3,86,0,0,0,0,1,1,0,0,0
30000000,3,83,0,0,0,0,1,1,0,0,0
10000000,3,81,0,0,0,0,1,1,0,0,0
60000000,3,101,0,0,0,0,1,1,0,0,0
25000000,3,85,0,0,0,0,1,1,0,0,0
25000000,3,85,0,0,0,0,1,1,0,0,0
50000000,3,88,0,0,0,0,1,1,0,0,0
23000000,3,88,0,0,0,0,1,1,0,0,0
23000000,3,85,0,0,0,0,1,1,0,0,0
20000000,3,106,0,0,0,0,1,1,0,0,0
45000000,3,94,0,0,0,0,1,1,0,0,0
37000000,3,109,0,0,0,0,1,1,0,0,0
7500000,3,97,0,0,0,0,1,1,0,0,0
3000000,4,95,0,0,0,0,1,1,0,0,0
60000000,4,96,0,0,0,0,1,1,0,0,0
30000000,4,103,0,0,0,0,1,1,0,0,0
20000000,4,98,0,0,0,0,1,1,0,0,0
40000000,4,107,0,0,0,0,1,1,0,0,0
6500000,4,102,0,0,0,0,1,1,0,0,0
8000000,4,82,0,0,0,0,1,1,0,0,0
42000000,4,116,0,0,0,0,1,1,0,0,0
35000000,4,106,0,0,0,0,1,1,0,0,0
35000000,4,120,0,0,0,0,1,1,0,0,0
11000000,4,120,0,0,0,0,1,1,0,0,0
12000000,4,93,0,0,0,0,1,1,0,0,0
10000000,4,84,0,0,0,0,1,1,0,0,0
1000000,4,88,0,0,0,0,1,1,0,0,0
15000000,4,117,0,0,0,0,1,1,0,0,0
24000000,4,98,0,0,0,0,1,1,0,0,0
12000000,4,86,0,0,0,0,1,1,0,0,0
37000000,4,118,0,0,0,0,1,1,0,0,0
5500000,2,129,0,0,0,0,1,1,0,1,0
5000000,3,99,0,0,0,0,1,1,0,1,0
15000000,3,111,0,0,0,0,1,1,0,1,0
20000000,3,114,0,0,0,0,1,1,0,1,0
18000000,4,98,0,0,0,0,1,1,0,1,0
7000000,4,91,0,0,0,0,1,1,0,1,0
7000000,4,103,0,0,0,0,1,1,0,1,0
13000000,4,91,0,0,0,0,1,1,0,1,0
15000000,4,112,0,0,0,0,1,1,0,1,0
18000000,4,86,0,0,0,0,1,1,0,1,0
26000000,4,129,0,0,0,0,1,1,0,1,0
2000000,4,106,0,0,0,0,1,1,0,1,0
2500000,4,96,0,0,0,0,1,1,0,1,0
20000000,4,106,0,0,0,0,1,1,0,1,0
200000,6,88,0,0,0,0,1,1,0,1,0
20000000,4,148,0,0,0,0,1,1,0,1,0
5000000,4,116,0,0,0,0,1,1,0,1,0
80000000,3,123,0,0,0,0,1,1,0,1,0
1500000,4,110,0,0,0,0,1,1,0,1,0
50100000,4,105,0,0,0,0,1,1,0,1,0
8000000,4,108,0,0,0,0,1,1,0,1,0
5500000,4,99,0,0,0,0,1,1,0,1,0
2500000,3,89,0,0,0,0,1,1,0,1,0
20000000,3,107,0,0,0,0,1,1,0,1,0
5000000,4,95,0,0,0,0,1,1,0,1,0
6000000,4,95,0,0,0,0,1,1,0,1,0
40000000,4,117,0,0,0,0,1,1,0,1,0
21000000,4,108,0,0,0,0,1,1,0,1,0
10000000,4,96,0,0,0,0,1,1,0,1,0
12000000,2,91,0,0,0,0,1,1,0,0,1
500000,2,101,0,0,0,0,1,1,0,0,1
20000000,2,99,0,0,0,0,1,1,0,0,1
30000000,2,91,0,0,0,0,1,1,0,0,1
18000000,2,97,0,0,0,0,1,1,0,0,1
10000,5,108,0,0,0,0,1,1,0,0,0
53000000,3,118,0,0,0,0,1,1,0,0,0
20000000,3,108,0,0,0,0,1,1,0,0,0
45000000,3,113,0,0,0,0,1,1,0,0,0
8000000,4,109,0,0,0,0,1,1,0,0,0
16000000,3,96,0,0,0,0,1,1,0,0,0
15000000,4,103,0,0,0,0,1,1,0,0,0
1200000,4,100,0,0,0,0,1,1,0,0,0
26000000,3,103,0,0,0,0,1,1,0,0,0
40000000,2,116,0,0,0,0,1,1,0,0,0
1700000,3,98,0,0,0,0,1,1,0,0,0
35000000,3,123,0,0,0,0,1,1,0,0,0
60000000,3,100,0,0,0,0,1,1,0,0,0
22000000,3,96,0,0,0,0,1,1,0,0,0
8000000,4,92,0,0,0,0,1,1,0,0,0
54000000,4,121,0,0,0,0,1,1,0,0,0
10000000,4,101,0,0,0,0,1,1,0,0,0
55000000,3,101,0,0,0,0,1,1,0,0,0
60000000,3,125,0,0,0,0,1,1,0,0,0
4000000,4,93,0,0,0,0,1,1,0,0,0
82000000,3,113,0,0,0,0,1,1,0,0,0
40000000,3,74,0,0,0,0,1,1,0,0,0
22000000,3,104,0,0,0,0,1,1,0,0,0
40000000,3,98,0,0,0,0,1,1,0,0,0
7000000,4,118,0,0,0,0,1,1,0,0,0
30250000,4,105,0,0,0,0,1,1,0,0,0
3500000,4,87,0,0,0,0,1,1,0,0,0
13000000,4,95,0,0,0,0,1,1,0,0,0
35000000,4,104,0,0,0,0,1,1,0,0,0
500000,4,93,0,0,0,0,1,1,0,0,0
10000000,4,100,0,0,0,0,1,1,0,0,0
1500000,3,90,0,0,0,0,1,0,1,0,0
3000000,4,89,0,0,0,0,1,0,1,0,0
5000000,4,87,0,0,0,0,1,0,1,0,0
2500000,4,75,0,0,0,0,1,0,1,0,0
3000000,4,115,0,0,0,0,1,0,1,0,0
65000,2,100,0,0,0,0,1,0,1,1,0
3000000,4,100,0,0,0,0,1,0,1,0,0
2500000,4,101,0,0,0,0,1,0,1,0,0
9000,6,95,0,0,0,0,1,0,0,1,0
16400000,2,128,0,0,0,0,1,0,0,1,0
60000000,2,114,0,0,0,0,1,0,0,1,0
38000000,2,98,0,0,0,0,1,0,0,1,0
8000000,2,104,0,0,0,0,1,0,0,1,0
22000000,2,122,0,0,0,0,1,0,0,1,0
43000000,3,103,0,0,0,0,1,0,0,1,0
25000000,3,100,0,0,0,0,1,0,0,1,0
40000000,3,91,0,0,0,0,1,0,0,1,0
23000000,3,114,0,0,0,0,1,0,0,1,0
18000000,3,106,0,0,0,0,1,0,0,1,0
12000000,3,102,0,0,0,0,1,0,0,1,0
34200000,3,93,0,0,0,0,1,0,0,1,0
1200000,3,108,0,0,0,0,1,0,0,1,0
5000000,3,110,0,0,0,0,1,0,0,1,0
81000000,3,101,0,0,0,0,1,0,0,1,0
6000000,3,104,0,0,0,0,1,0,0,1,0
14000000,3,115,0,0,0,0,1,0,0,1,0
12000000,3,93,0,0,0,0,1,0,0,1,0
26000000,3,105,0,0,0,0,1,0,0,1,0
40000000,3,102,0,0,0,0,1,0,0,1,0
55000000,3,122,0,0,0,0,1,0,0,1,0
55000000,3,142,0,0,0,0,1,0,0,1,0
6000000,3,96,0,0,0,0,1,0,0,1,0
13000000,3,113,0,0,0,0,1,0,0,1,0
6600000,3,112,0,0,0,0,1,0,0,1,0
5000000,3,90,0,0,0,0,1,0,0,1,0
300000,3,80,0,0,0,0,1,0,0,1,0
3000000,3,90,0,0,0,0,1,0,0,1,0
40000000,3,128,0,0,0,0,1,0,0,1,0
5000000,3,92,0,0,0,0,1,0,0,1,0
13000000,3,102,0,0,0,0,1,0,0,1,0
50000000,3,124,0,0,0,0,1,0,0,1,0
21000000,3,120,0,0,0,0,1,0,0,1,0
70000000,3,111,0,0,0,0,1,0,0,1,0
40000000,3,95,0,0,0,0,1,0,0,1,0
35000000,3,121,0,0,0,0,1,0,0,1,0
10000000,3,91,0,0,0,0,1,0,0,1,0
1500000,3,90,0,0,0,0,1,0,0,1,0
60000000,3,128,0,0,0,0,1,0,0,1,0
5000000,3,103,0,0,0,0,1,0,0,1,0
16500000,3,114,0,0,0,0,1,0,0,1,0
312000,3,102,0,0,0,0,1,0,0,1,0
5000000,3,150,0,0,0,0,1,0,0,1,0
15000000,3,113,0,0,0,0,1,0,0,1,0
7000000,4,106,0,0,0,0,1,0,0,1,0
30000000,4,125,0,0,0,0,1,0,0,1,0
19000000,4,81,0,0,0,0,1,0,0,1,0
10000000,4,89,0,0,0,0,1,0,0,1,0
37000000,4,96,0,0,0,0,1,0,0,1,0
20000000,4,101,0,0,0,0,1,0,0,1,0
1200000,4,85,0,0,0,0,1,0,0,1,0
12000000,4,113,0,0,0,0,1,0,0,1,0
3000000,4,92,0,0,0,0,1,0,0,1,0
250000,4,96,0,0,0,0,1,0,0,1,0
5000000,4,110,0,0,0,0,1,0,0,1,0
1000000,4,97,0,0,0,0,1,0,0,1,0
65000000,4,95,0,0,0,0,1,0,0,1,0
8000000,4,103,0,0,0,0,1,0,0,1,0
6500000,4,85,0,0,0,0,1,0,0,1,0
5000000,4,97,0,0,0,0,1,0,0,1,0
2000000,4,84,0,0,0,0,1,0,0,1,0
20000000,4,85,0,0,0,0,1,0,0,1,0
3500000,4,97,0,0,0,0,1,0,0,1,0
75000000,4,153,0,0,0,0,1,0,0,1,0
20000000,4,113,0,0,0,0,1,0,0,1,0
7000000,4,111,0,0,0,0,1,0,0,1,0
12000000,4,108,0,0,0,0,1,0,0,1,0
70000,4,82,0,0,0,0,1,0,0,1,0
9000000,4,99,0,0,0,0,1,0,0,1,0
4000000,4,111,0,0,0,0,1,0,0,1,0
10000000,4,83,0,0,0,0,1,0,0,1,0
3000000,4,97,0,0,0,0,1,0,0,1,0
8000000,4,101,0,0,0,0,1,0,0,1,0
500000,4,91,0,0,0,0,1,0,0,1,0
7000000,4,110,0,0,0,0,1,0,0,1,0
2000000,4,91,0,0,0,0,1,0,0,1,0
28000000,4,112,0,0,0,0,1,0,0,1,0
28000000,4,107,0,0,0,0,1,0,0,1,0
5000000,4,90,0,0,0,0,1,0,0,1,0
12000000,4,122,0,0,0,0,1,0,0,1,0
9000000,4,93,0,0,0,0,1,0,0,1,0
3800000,4,85,0,0,0,0,1,0,0,1,0
23000,4,100,0,0,0,0,1,0,0,1,0
5000000,4,91,0,0,0,0,1,0,0,1,0
7000000,4,97,0,0,0,0,1,0,0,1,0
7500000,4,115,0,0,0,0,1,0,0,1,0
8000000,4,91,0,0,0,0,1,0,0,1,0
200000,4,96,0,0,0,0,1,0,0,1,0
6500000,4,92,0,0,0,0,1,0,0,1,0
10000000,4,98,0,0,0,0,1,0,0,1,0
17000000,4,123,0,0,0,0,1,0,0,1,0
9000000,4,120,0,0,0,0,1,0,0,1,0
6000000,4,106,0,0,0,0,1,0,0,1,0
6800000,4,108,0,0,0,0,1,0,0,1,0
12000000,4,104,0,0,0,0,1,0,0,1,0
20000000,4,115,0,0,0,0,1,0,0,1,0
25000000,4,116,0,0,0,0,1,0,0,1,0
1500000,4,96,0,0,0,0,1,0,0,1,0
5000000,4,96,0,0,0,0,1,0,0,1,0
3500000,4,106,0,0,0,0,1,0,0,1,0
4500000,4,104,0,0,0,0,1,0,0,1,0
21000000,4,110,0,0,0,0,1,0,0,1,0
1500000,4,88,0,0,0,0,1,0,0,1,0
500000,4,89,0,0,0,0,1,0,0,1,0
9000000,4,118,0,0,0,0,1,0,0,1,0
22000000,4,102,0,0,0,0,1,0,0,1,0
10500000,4,99,0,0,0,0,1,0,0,1,0
19800000,4,103,0,0,0,0,1,0,0,1,0
4000000,4,96,0,0,0,0,1,0,0,1,0
1300000,4,95,0,0,0,0,1,0,0,1,0
1000000,4,84,0,0,0,0,1,0,0,1,0
15000000,4,97,0,0,0,0,1,0,0,1,0
800000,4,88,0,0,0,0,1,0,0,1,0
25000000,4,104,0,0,0,0,1,0,0,1,0
10000000,4,97,0,0,0,0,1,0,0,1,0
3500000,4,98,0,0,0,0,1,0,0,1,0
6000000,4,106,0,0,0,0,1,0,0,1,0
55000000,4,107,0,0,0,0,1,0,0,1,0
12000000,4,94,0,0,0,0,1,0,0,1,0
125000,4,90,0,0,0,0,1,0,0,1,0
1500000,1,87,0,0,0,0,1,0,0,1,1
11000000,2,102,0,0,0,0,1,0,0,1,1
14000000,2,106,0,0,0,0,1,0,0,1,1
7500000,2,99,0,0,0,0,1,0,0,1,1
13000000,2,100,0,0,0,0,1,0,0,1,1
60000000,2,115,0,0,0,0,1,0,0,1,1
27000000,2,106,0,0,0,0,1,0,0,1,1
30000000,2,111,0,0,0,0,1,0,0,1,1
30000000,2,114,0,0,0,0,1,0,0,1,1
2500000,3,100,0,0,0,0,1,0,0,1,1
55000000,2,107,0,0,0,0,1,0,0,1,1
25000000,2,105,0,0,0,0,1,0,0,1,1
22000000,2,97,0,0,0,0,1,0,0,1,1
12000000,1,89,0,0,0,0,1,0,0,1,1
18000000,2,130,0,0,0,0,1,0,0,1,1
20000000,3,102,0,0,0,0,1,0,0,1,1
17000000,2,87,0,0,0,0,1,0,0,1,1
11000000,1,112,0,0,0,0,1,0,0,1,1
75000000,2,117,0,0,0,0,1,0,0,1,1
30000000,1,102,0,0,0,0,1,0,0,1,1
20000000,2,111,0,0,0,0,1,0,0,1,1
65000000,2,118,0,0,0,0,1,0,0,1,1
25000000,2,119,0,0,0,0,1,0,0,1,1
20000000,2,105,0,0,0,0,1,0,0,1,1
25000000,3,125,0,0,0,0,1,0,0,1,1
16500000,3,102,0,0,0,0,1,0,0,1,1
3000000,2,98,0,0,0,0,1,0,0,1,1
10000000,2,100,0,0,0,0,1,0,0,1,1
32000000,3,101,0,0,0,0,1,0,0,1,0
13000000,4,112,0,0,0,0,1,0,0,1,0
24000000,4,137,0,0,0,0,1,0,0,1,0
15000000,4,93,0,0,0,0,1,0,0,1,0
70000000,3,107,0,0,0,0,1,0,0,1,0
20000000,3,102,0,0,0,0,1,0,0,1,0
18000000,3,103,0,0,0,0,1,0,0,1,0
48000000,3,104,0,0,0,0,1,0,0,1,0
40000000,3,114,0,0,0,0,1,0,0,1,0
38000000,3,113,0,0,0,0,1,0,0,1,0
60000000,3,125,0,0,0,0,1,0,0,1,0
20000000,3,110,0,0,0,0,1,0,0,1,0
1000000,4,88,0,0,0,0,1,0,0,1,0
3000000,4,102,0,0,0,0,1,0,0,1,0
777000,2,112,0,0,0,0,1,0,0,1,0
26000000,2,149,0,0,0,0,1,0,0,1,0
10000000,3,105,0,0,0,0,1,0,0,1,0
10000000,4,135,0,0,0,0,1,0,0,1,0
900000,4,109,0,0,0,0,1,0,0,1,0
10000000,4,106,0,0,0,0,1,0,0,1,0
15000000,4,112,0,0,0,0,1,0,0,1,0
14800000,4,115,0,0,0,0,1,0,0,1,0
5000000,4,105,0,0,0,0,1,0,0,1,0
30000000,4,120,0,0,0,0,1,0,0,1,0
6000000,4,95,0,0,0,0,1,0,0,1,0
8000000,3,109,0,0,0,0,1,0,0,1,0
45000000,3,107,0,0,0,0,1,0,0,1,0
20000000,3,118,0,0,0,0,1,0,0,1,0
9000000,3,90,0,0,0,0,1,0,0,1,0
5000000,4,94,0,0,0,0,1,0,0,1,0
6500000,4,121,0,0,0,0,1,0,0,1,0
18000000,2,123,0,0,0,0,1,0,0,1,0
75000000,3,136,0,0,0,0,1,0,0,1,0
25000000,1,143,0,0,0,0,1,0,0,1,0
65000,6,98,0,0,0,0,1,0,0,1,0
14000000,2,90,0,0,0,0,1,0,0,1,0
30000000,2,105,0,0,0,0,1,0,0,1,0
15000000,2,124,0,0,0,0,1,0,0,1,0
28000000,2,104,0,0,0,0,1,0,0,1,0
24000000,2,115,0,0,0,0,1,0,0,1,0
500000,2,102,0,0,0,0,1,0,0,1,0
22000000,2,116,0,0,0,0,1,0,0,1,0
65000000,2,119,0,0,0,0,1,0,0,1,0
16000000,3,97,0,0,0,0,1,0,0,1,0
7500000,3,95,0,0,0,0,1,0,0,1,0
35000000,3,117,0,0,0,0,1,0,0,1,0
30000000,3,107,0,0,0,0,1,0,0,1,0
13000000,3,107,0,0,0,0,1,0,0,1,0
37000000,3,105,0,0,0,0,1,0,0,1,0
18000000,3,94,0,0,0,0,1,0,0,1,0
50000000,3,139,0,0,0,0,1,0,0,1,0
16000000,3,94,0,0,0,0,1,0,0,1,0
50000000,3,118,0,0,0,0,1,0,0,1,0
5500000,3,116,0,0,0,0,1,0,0,1,0
58000000,3,103,0,0,0,0,1,0,0,1,0
25000000,3,97,0,0,0,0,1,0,0,1,0
9000000,3,91,0,0,0,0,1,0,0,1,0
8000000,3,91,0,0,0,0,1,0,0,1,0
57000000,3,123,0,0,0,0,1,0,0,1,0
8000000,3,93,0,0,0,0,1,0,0,1,0
26000000,3,121,0,0,0,0,1,0,0,1,0
40000000,3,129,0,0,0,0,1,0,0,1,0
20000000,3,103,0,0,0,0,1,0,0,1,0
15000000,3,91,0,0,0,0,1,0,0,1,0
30000000,3,100,0,0,0,0,1,0,0,1,0
120000000,3,121,0,0,0,0,1,0,0,1,0
16000000,3,101,0,0,0,0,1,0,0,1,0
26000000,3,109,0,0,0,0,1,0,0,1,0
10000000,3,97,0,0,0,0,1,0,0,1,0
8000000,3,101,0,0,0,0,1,0,0,1,0
35000000,3,102,0,0,0,0,1,0,0,1,0
7500000,3,96,0,0,0,0,1,0,0,1,0
30000000,3,128,0,0,0,0,1,0,0,1,0
30000000,3,98,0,0,0,0,1,0,0,1,0
12000000,3,106,0,0,0,0,1,0,0,1,0
35000000,3,105,0,0,0,0,1,0,0,1,0
6000000,3,107,0,0,0,0,1,0,0,1,0
55000000,3,105,0,0,0,0,1,0,0,1,0
225000,3,98,0,0,0,0,1,0,0,1,0
21000000,3,102,0,0,0,0,1,0,0,1,0
40000000,3,107,0,0,0,0,1,0,0,1,0
25000000,3,105,0,0,0,0,1,0,0,1,0
50000000,3,119,0,0,0,0,1,0,0,1,0
50000000,3,106,0,0,0,0,1,0,0,1,0
35000000,3,112,0,0,0,0,1,0,0,1,0
80000000,3,128,0,0,0,0,1,0,0,1,0
80000000,3,131,0,0,0,0,1,0,0,1,0
150000,3,78,0,0,0,0,1,0,0,1,0
62000000,3,114,0,0,0,0,1,0,0,1,0
1000000,3,79,0,0,0,0,1,0,0,1,0
52000000,3,106,0,0,0,0,1,0,0,1,0
35000000,3,109,0,0,0,0,1,0,0,1,0
17000000,3,103,0,0,0,0,1,0,0,1,0
42000000,3,122,0,0,0,0,1,0,0,1,0
25000000,3,99,0,0,0,0,1,0,0,1,0
40000000,3,108,0,0,0,0,1,0,0,1,0
19000000,3,101,0,0,0,0,1,0,0,1,0
8000000,3,99,0,0,0,0,1,0,0,1,0
13000000,3,117,0,0,0,0,1,0,0,1,0
18000000,3,113,0,0,0,0,1,0,0,1,0
2000000,3,108,0,0,0,0,1,0,0,1,0
35000000,3,114,0,0,0,0,1,0,0,1,0
40000000,3,110,0,0,0,0,1,0,0,1,0
15000000,3,94,0,0,0,0,1,0,0,1,0
15000000,3,120,0,0,0,0,1,0,0,1,0
20000000,3,121,0,0,0,0,1,0,0,1,0
6000000,4,101,0,0,0,0,1,0,0,1,0
8000000,4,100,0,0,0,0,1,0,0,1,0
17000000,4,98,0,0,0,0,1,0,0,1,0
3200000,4,105,0,0,0,0,1,0,0,1,0
18000000,4,119,0,0,0,0,1,0,0,1,0
40000000,4,117,0,0,0,0,1,0,0,1,0
30000000,4,108,0,0,0,0,1,0,0,1,0
12000000,4,97,0,0,0,0,1,0,0,1,0
250000,4,113,0,0,0,0,1,0,0,1,0
7000000,4,91,0,0,0,0,1,0,0,1,0
3000000,4,90,0,0,0,0,1,0,0,1,0
30000000,4,118,0,0,0,0,1,0,0,1,0
6500000,4,88,0,0,0,0,1,0,0,1,0
2500000,4,102,0,0,0,0,1,0,0,1,0
20000000,4,124,0,0,0,0,1,0,0,1,0
85000000,4,120,0,0,0,0,1,0,0,1,0
1000000,4,97,0,0,0,0,1,0,0,1,0
850000,4,107,0,0,0,0,1,0,0,1,0
12000000,4,100,0,0,0,0,1,0,0,1,0
30000000,4,112,0,0,0,0,1,0,0,1,0
250000,4,91,0,0,0,0,1,0,0,1,0
6000000,4,104,0,0,0,0,1,0,0,1,0
1000000,4,104,0,0,0,0,1,0,0,1,0
7000000,4,96,0,0,0,0,1,0,0,1,0
38000000,4,124,0,0,0,0,1,0,0,1,0
750000,4,86,0,0,0,0,1,0,0,1,0
4000000,4,104,0,0,0,0,1,0,0,1,0
100000000,4,146,0,0,0,0,1,0,0,1,0
25000000,4,123,0,0,0,0,1,0,0,1,0
3500000,4,96,0,0,0,0,1,0,0,1,0
21000000,4,122,0,0,0,0,1,0,0,1,0
15000000,4,90,0,0,0,0,1,0,0,1,0
21000000,4,124,0,0,0,0,1,0,0,1,0
23000000,4,97,0,0,0,0,1,0,0,1,0
25000,4,98,0,0,0,0,1,0,0,1,0
25000000,4,110,0,0,0,0,1,0,0,1,0
250000,4,94,0,0,0,0,1,0,0,1,0
15000000,4,111,0,0,0,0,1,0,0,1,0
11000000,4,113,0,0,0,0,1,0,0,1,0
15000,4,85,0,0,0,0,1,0,0,1,0
4000000,4,110,0,0,0,0,1,0,0,1,0
2500000,4,95,0,0,0,0,1,0,0,1,0
50000000,4,95,0,0,0,0,1,0,0,1,0
6000000,4,99,0,0,0,0,1,0,0,1,0
6000000,4,106,0,0,0,0,1,0,0,1,0
9000000,4,103,0,0,0,0,1,0,0,1,0
16000000,4,89,0,0,0,0,1,0,0,1,0
22000000,4,98,0,0,0,0,1,0,0,1,0
18000000,4,90,0,0,0,0,1,0,0,1,0
250000,6,100,0,0,0,0,1,0,0,1,0
2000000,6,101,0,0,0,0,1,0,0,1,0
35000000,3,112,0,0,0,0,1,0,0,1,0
30000000,3,104,0,0,0,0,1,0,0,1,0
15600000,3,91,0,0,0,0,1,0,0,1,0
58000000,3,114,0,0,0,0,1,0,0,1,0
30000000,3,104,0,0,0,0,1,0,0,1,0
34000000,3,108,0,0,0,0,1,0,0,1,0
50000000,4,139,0,0,0,0,1,0,0,1,0
25000000,4,117,0,0,0,0,1,0,0,1,0
1000000,4,94,0,0,0,0,1,0,0,1,0
45000000,4,135,0,0,0,0,1,0,0,1,0
16000000,4,106,0,0,0,0,1,0,0,1,0
20000000,3,115,0,0,0,0,1,0,0,1,0
25000000,4,95,0,0,0,0,1,0,0,1,0
100000000,2,132,0,0,0,0,1,0,0,1,0
60000000,2,103,0,0,0,0,1,0,0,1,0
1000000,4,81,0,0,0,0,1,0,0,1,0
40000000,2,128,0,0,0,0,1,0,0,1,0
24000000,4,124,0,0,0,0,1,0,0,1,0
47000000,3,96,0,0,0,0,1,0,0,1,0
15000000,4,115,0,0,0,0,1,0,0,1,0
28000000,2,81,0,0,0,0,1,0,0,0,1
40000000,2,94,0,0,0,0,1,0,0,0,1
60000000,2,99,0,0,0,0,1,0,0,0,1
6000000,2,89,0,0,0,0,1,0,0,0,1
60000000,2,92,0,0,0,0,1,0,0,0,1
22000000,2,94,0,0,0,0,1,0,0,0,1
21000000,2,99,0,0,0,0,1,0,0,0,1
15000000,2,94,0,0,0,0,1,0,0,0,1
35000000,2,92,0,0,0,0,1,0,0,0,1
18000000,2,103,0,0,0,0,1,0,0,0,1
35000000,2,100,0,0,0,0,1,0,0,0,1
60000000,2,94,0,0,0,0,1,0,0,0,1
50000000,2,87,0,0,0,0,1,0,0,0,1
24000000,2,93,0,0,0,0,1,0,0,0,1
35000000,2,88,0,0,0,0,1,0,0,0,1
25000000,2,105,0,0,0,0,1,0,0,0,1
40000000,2,95,0,0,0,0,1,0,0,0,1
16000000,2,80,0,0,0,0,1,0,0,0,1
50000000,3,96,0,0,0,0,1,0,0,0,1
60000000,1,104,0,0,0,0,1,0,0,0,1
28000000,2,89,0,0,0,0,1,0,0,0,1
30000000,2,110,0,0,0,0,1,0,0,0,1
50000000,2,100,0,0,0,0,1,0,0,0,1
72000000,2,87,0,0,0,0,1,0,0,0,1
175000000,2,96,0,0,0,0,1,0,0,0,1
28000000,2,96,0,0,0,0,1,0,0,0,1
123000000,2,110,0,0,0,0,1,0,0,0,1
55000000,2,94,0,0,0,0,1,0,0,0,1
25000000,2,97,0,0,0,0,1,0,0,0,1
40000000,2,89,0,0,0,0,1,0,0,0,1
84000000,2,94,0,0,0,0,1,0,0,0,1
45000000,2,91,0,0,0,0,1,0,0,0,1
60000000,2,104,0,0,0,0,1,0,0,0,1
50000000,2,98,0,0,0,0,1,0,0,0,1
71500000,3,85,0,0,0,0,1,0,0,0,1
90000000,2,88,0,0,0,0,1,0,0,0,1
26000000,2,97,0,0,0,0,1,0,0,0,1
6000000,1,139,0,0,0,0,1,0,0,0,1
12000000,2,104,0,0,0,0,1,0,0,0,1
80000000,2,99,0,0,0,0,1,0,0,0,1
33000000,2,97,0,0,0,0,1,0,0,0,1
35000000,2,96,0,0,0,0,1,0,0,0,1
26000000,2,93,0,0,0,0,1,0,0,0,1
30000000,2,99,0,0,0,0,1,0,0,0,1
35000000,1,88,0,0,0,0,1,0,0,0,1
52000000,3,108,0,0,0,0,1,0,0,0,1
40000000,1,113,0,0,0,0,1,0,0,0,1
37000000,1,111,0,0,0,0,1,0,0,0,1
20000000,2,95,0,0,0,0,1,0,0,0,1
22000000,2,77,0,0,0,0,1,0,0,0,1
5000000,2,95,0,0,0,0,1,0,0,0,1
16000000,2,85,0,0,0,0,1,0,0,0,1
25000000,2,100,0,0,0,0,1,0,0,0,1
20000000,2,105,0,0,0,0,1,0,0,0,1
80000000,2,102,0,0,0,0,1,0,0,0,1
18000000,3,94,0,0,0,0,1,0,0,0,1
60000000,2,90,0,0,0,0,1,0,0,0,1
45000000,2,95,0,0,0,0,1,0,0,0,1
80000000,2,90,0,0,0,0,1,0,0,0,1
65000000,2,94,0,0,0,0,1,0,0,0,1
22000000,2,110,0,0,0,0,1,0,0,0,1
15000000,2,92,0,0,0,0,1,0,0,0,0
3000000,2,95,0,0,0,0,1,0,0,0,0
12000000,3,83,0,0,0,0,1,0,0,0,0
30000000,3,87,0,0,0,0,1,0,0,0,0
80000000,3,90,0,0,0,0,1,0,0,0,0
38000000,3,99,0,0,0,0,1,0,0,0,0
4000000,4,86,0,0,0,0,1,0,0,0,0
2500000,4,86,0,0,0,0,1,0,0,0,0
4000000,4,110,0,0,0,0,1,0,0,0,0
12000000,4,93,0,0,0,0,1,0,0,0,0
1500000,4,84,0,0,0,0,1,0,0,0,0
50000000,4,112,0,0,0,0,1,0,0,0,0
52000000,4,118,0,0,0,0,1,0,0,0,0
32000000,4,107,0,0,0,0,1,0,0,0,0
11000000,2,106,0,0,0,0,1,0,0,0,0
100000000,3,113,0,0,0,0,1,0,0,0,0
55000000,3,104,0,0,0,0,1,0,0,0,0
50000000,3,106,0,0,0,0,1,0,0,0,0
15000000,3,98,0,0,0,0,1,0,0,0,0
13000000,4,88,0,0,0,0,1,0,0,0,0
16000000,4,107,0,0,0,0,1,0,0,0,0
20000000,4,100,0,0,0,0,1,0,0,0,0
31000000,3,103,0,0,0,0,1,0,0,0,0
3500000,4,85,0,0,0,0,1,0,0,0,0
3600000,4,37,0,0,0,0,1,0,0,0,0
8500000,4,93,0,0,0,0,1,0,0,0,0
20000000,4,92,0,0,0,0,1,0,0,0,0
2000000,6,106,0,0,0,0,1,0,0,0,0
14600000,2,101,0,0,0,0,1,0,0,0,0
8000000,2,111,0,0,0,0,1,0,0,0,0
37000000,3,98,0,0,0,0,1,0,0,0,0
48000000,3,93,0,0,0,0,1,0,0,0,0
58000000,3,95,0,0,0,0,1,0,0,0,0
28000000,3,103,0,0,0,0,1,0,0,0,0
48000000,3,123,0,0,0,0,1,0,0,0,0
45000000,3,86,0,0,0,0,1,0,0,0,0
10000000,3,95,0,0,0,0,1,0,0,0,0
18500000,3,100,0,0,0,0,1,0,0,0,0
70000000,3,127,0,0,0,0,1,0,0,0,0
8000000,4,92,0,0,0,0,1,0,0,0,0
900000,4,101,0,0,0,0,1,0,0,0,0
500000,6,87,0,0,0,0,1,0,0,0,0
35000000,3,99,0,0,0,0,1,0,0,0,0
30000000,4,106,0,0,0,0,1,0,0,0,0
24000000,4,88,0,0,0,0,1,0,0,0,0
4700000,4,101,0,0,0,0,1,0,0,0,0
500000,6,103,0,0,0,0,1,0,0,0,0
25000000,3,102,0,0,0,0,1,0,0,0,0
16000000,3,92,0,0,0,0,1,0,0,0,0
35000000,3,98,0,0,0,0,1,0,0,0,0
40000,2,90,0,0,0,0,1,0,0,0,0
11000000,3,96,0,0,0,0,1,0,0,0,0
8550000,4,119,0,0,0,0,1,0,0,0,0
15000000,4,94,0,0,0,0,1,0,0,0,0
6000000,4,98,0,0,0,0,1,0,0,0,0
19000000,3,107,0,0,0,0,1,0,0,0,0
25000000,3,118,0,0,0,0,1,0,0,0,0
29000000,3,115,0,0,0,0,1,0,0,0,0
35000000,3,108,0,0,0,0,1,0,0,0,0
15000000,3,102,0,0,0,0,1,0,0,0,0
20000000,3,94,0,0,0,0,1,0,0,0,0
15000000,4,95,0,0,0,0,1,0,0,0,0
1200000,4,88,0,0,0,0,1,0,0,0,0
9000000,4,92,0,0,0,0,1,0,0,0,0
20000000,4,80,0,0,0,0,1,0,0,0,0
35000000,4,120,0,0,0,0,1,0,0,0,0
2883848,6,120,0,0,0,0,1,0,0,0,0
17000000,3,82,0,0,0,0,1,0,0,0,0
17000000,3,112,0,0,0,0,1,0,0,0,0
45000000,3,134,0,0,0,0,1,0,0,0,0
35000000,4,114,0,0,0,0,1,0,0,0,0
12000000,2,90,0,0,0,0,1,0,0,0,0
20000000,4,101,0,0,0,0,1,0,0,0,0
439000,6,89,0,0,0,0,1,0,0,0,0
13000000,3,83,0,0,0,0,1,0,0,0,0
14000000,3,86,0,0,0,0,1,0,0,0,0
4000000,2,93,0,0,0,0,1,0,0,0,0
30000000,2,89,0,0,0,0,1,0,0,0,0
19000000,2,100,0,0,0,0,1,0,0,0,0
8000000,2,97,0,0,0,0,1,0,0,0,0
70000000,2,116,0,0,0,0,1,0,0,0,0
10000000,2,89,0,0,0,0,1,0,0,0,0
30000000,3,111,0,0,0,0,1,0,0,0,0
75000000,3,99,0,0,0,0,1,0,0,0,0
20000000,3,101,0,0,0,0,1,0,0,0,0
30000000,3,96,0,0,0,0,1,0,0,0,0
15000000,3,99,0,0,0,0,1,0,0,0,0
42000000,3,90,0,0,0,0,1,0,0,0,0
48000000,3,102,0,0,0,0,1,0,0,0,0
30000000,3,99,0,0,0,0,1,0,0,0,0
40000000,3,117,0,0,0,0,1,0,0,0,0
10000000,3,93,0,0,0,0,1,0,0,0,0
10000000,3,100,0,0,0,0,1,0,0,0,0
23000000,3,101,0,0,0,0,1,0,0,0,0
23000000,3,101,0,0,0,0,1,0,0,0,0
12000000,3,97,0,0,0,0,1,0,0,0,0
20000000,3,85,0,0,0,0,1,0,0,0,0
8000000,3,92,0,0,0,0,1,0,0,0,0
12000000,3,103,0,0,0,0,1,0,0,0,0
50000000,3,95,0,0,0,0,1,0,0,0,0
22000000,3,87,0,0,0,0,1,0,0,0,0
35000000,3,105,0,0,0,0,1,0,0,0,0
70000000,3,118,0,0,0,0,1,0,0,0,0
16000000,3,112,0,0,0,0,1,0,0,0,0
50000000,3,116,0,0,0,0,1,0,0,0,0
24000000,3,89,0,0,0,0,1,0,0,0,0
80000000,3,117,0,0,0,0,1,0,0,0,0
18000000,3,95,0,0,0,0,1,0,0,0,0
4000000,3,89,0,0,0,0,1,0,0,0,0
28000000,3,105,0,0,0,0,1,0,0,0,0
18000000,3,96,0,0,0,0,1,0,0,0,0
35000000,3,91,0,0,0,0,1,0,0,0,0
40000000,3,103,0,0,0,0,1,0,0,0,0
100000000,3,98,0,0,0,0,1,0,0,0,0
20000000,3,98,0,0,0,0,1,0,0,0,0
40000000,3,101,0,0,0,0,1,0,0,0,0
80000000,3,106,0,0,0,0,1,0,0,0,0
50000000,3,96,0,0,0,0,1,0,0,0,0
30000000,3,98,0,0,0,0,1,0,0,0,0
46000000,3,105,0,0,0,0,1,0,0,0,0
14000000,3,90,0,0,0,0,1,0,0,0,0
17000000,3,98,0,0,0,0,1,0,0,0,0
56000000,3,113,0,0,0,0,1,0,0,0,0
14000000,3,103,0,0,0,0,1,0,0,0,0
15000000,3,95,0,0,0,0,1,0,0,0,0
15000000,3,88,0,0,0,0,1,0,0,0,0
28000000,3,82,0,0,0,0,1,0,0,0,0
10000000,3,95,0,0,0,0,1,0,0,0,0
20000000,3,105,0,0,0,0,1,0,0,0,0
23000000,3,97,0,0,0,0,1,0,0,0,0
14000000,3,81,0,0,0,0,1,0,0,0,0
38000000,3,108,0,0,0,0,1,0,0,0,0
16500000,3,108,0,0,0,0,1,0,0,0,0
35000000,3,104,0,0,0,0,1,0,0,0,0
85000000,3,138,0,0,0,0,1,0,0,0,0
25000000,3,97,0,0,0,0,1,0,0,0,0
40000000,3,109,0,0,0,0,1,0,0,0,0
15000000,3,90,0,0,0,0,1,0,0,0,0
24000000,3,106,0,0,0,0,1,0,0,0,0
12000000,3,122,0,0,0,0,1,0,0,0,0
60000000,3,101,0,0,0,0,1,0,0,0,0
52000000,3,125,0,0,0,0,1,0,0,0,0
26000000,3,110,0,0,0,0,1,0,0,0,0
35000000,3,101,0,0,0,0,1,0,0,0,0
15000000,3,92,0,0,0,0,1,0,0,0,0
24000000,3,95,0,0,0,0,1,0,0,0,0
70000000,3,104,0,0,0,0,1,0,0,0,0
54000000,3,110,0,0,0,0,1,0,0,0,0
17000000,4,96,0,0,0,0,1,0,0,0,0
12500000,4,100,0,0,0,0,1,0,0,0,0
55000000,4,74,0,0,0,0,1,0,0,0,0
18000000,4,108,0,0,0,0,1,0,0,0,0
3000000,4,87,0,0,0,0,1,0,0,0,0
1500000,4,105,0,0,0,0,1,0,0,0,0
32500000,4,131,0,0,0,0,1,0,0,0,0
17000000,4,88,0,0,0,0,1,0,0,0,0
35000000,4,109,0,0,0,0,1,0,0,0,0
2000000,4,101,0,0,0,0,1,0,0,0,0
32000000,4,102,0,0,0,0,1,0,0,0,0
25000000,4,101,0,0,0,0,1,0,0,0,0
36000000,4,111,0,0,0,0,1,0,0,0,0
38000000,4,110,0,0,0,0,1,0,0,0,0
40000000,4,105,0,0,0,0,1,0,0,0,0
1500000,4,80,0,0,0,0,1,0,0,0,0
3500000,4,101,0,0,0,0,1,0,0,0,0
500000,4,100,0,0,0,0,1,0,0,0,0
30000000,4,133,0,0,0,0,1,0,0,0,0
1000000,4,100,0,0,0,0,1,0,0,0,0
6000000,4,123,0,0,0,0,1,0,0,0,0
6000000,4,90,0,0,0,0,1,0,0,0,0
40000000,4,112,0,0,0,0,1,0,0,0,0
500000,4,98,0,0,0,0,1,0,0,0,0
25000000,4,108,0,0,0,0,1,0,0,0,0
14000000,4,125,0,0,0,0,1,0,0,0,0
25000000,4,95,0,0,0,0,1,0,0,0,0
175000,4,88,0,0,0,0,1,0,0,0,0
20000000,4,104,0,0,0,0,1,0,0,0,0
40000,4,90,0,0,0,0,1,0,0,0,0
8000000,4,94,0,0,0,0,1,0,0,0,0
26000000,4,133,0,0,0,0,1,0,0,0,0
65000000,4,99,0,0,0,0,1,0,0,0,0
30000000,4,131,0,0,0,0,1,0,0,0,0
8000000,4,90,0,0,0,0,1,0,0,0,0
5000000,4,96,0,0,0,0,1,0,0,0,0
43000000,4,90,0,0,0,0,1,0,0,0,0
5250000,4,96,0,0,0,0,1,0,0,0,0
1500000,4,104,0,0,0,0,1,0,0,0,0
38000000,4,96,0,0,0,0,1,0,0,0,0
23000000,4,107,0,0,0,0,1,0,0,0,0
17000000,4,112,0,0,0,0,1,0,0,0,0
12000000,4,102,0,0,0,0,1,0,0,0,0
6000000,4,90,0,0,0,0,1,0,0,0,0
20000000,4,117,0,0,0,0,1,0,0,0,0
3000000,4,82,0,0,0,0,1,0,0,0,0
13000000,4,84,0,0,0,0,1,0,0,0,0
24000000,4,101,0,0,0,0,1,0,0,0,0
45000000,3,117,0,0,0,0,1,0,0,0,0
20000000,3,105,0,0,0,0,1,0,0,0,0
30000000,3,95,0,0,0,0,1,0,0,0,0
65000000,3,109,0,0,0,0,1,0,0,0,0
54000000,3,95,0,0,0,0,1,0,0,0,0
40000000,3,99,0,0,0,0,1,0,0,0,0
35000000,3,105,0,0,0,0,1,0,0,0,0
33000000,3,75,0,0,0,0,1,0,0,0,0
62000000,3,87,0,0,0,0,1,0,0,0,0
850000,4,88,0,0,0,0,1,0,0,0,0
1000000,5,92,0,0,0,0,1,0,0,0,0
22000000,3,84,0,0,0,0,1,0,0,0,0
14000000,4,99,0,0,0,0,1,0,0,0,0
36000000,4,101,0,0,0,0,1,0,0,0,0
50000000,4,87,0,0,0,0,1,0,0,0,0
90000000,3,93,0,0,0,0,1,0,0,0,0
61000000,3,93,0,0,0,0,1,0,0,0,0
10000000,3,98,0,0,0,0,1,0,0,0,0
20000000,3,92,0,0,0,0,1,0,0,0,0
40000000,3,113,0,0,0,0,1,0,0,0,0
12000000,3,92,0,0,0,0,1,0,0,0,0
27000000,3,117,0,0,0,0,1,0,0,0,0
11000000,3,89,0,0,0,0,1,0,0,0,0
24000000,3,107,0,0,0,0,1,0,0,0,0
50000000,3,118,0,0,0,0,1,0,0,0,0
20000000,3,90,0,0,0,0,1,0,0,0,0
7000000,3,93,0,0,0,0,1,0,0,0,0
2800000,4,86,0,0,0,0,1,0,0,0,0
6000000,4,98,0,0,0,0,1,0,0,0,0
11000000,4,107,0,0,0,0,1,0,0,0,0
55000000,4,99,0,0,0,0,1,0,0,0,0
10000000,4,109,0,0,0,0,1,0,0,0,0
25000000,4,94,0,0,0,0,1,0,0,0,0
40000000,4,136,0,0,0,0,1,0,0,0,0
2600000,4,93,0,0,0,0,1,0,0,0,0
6000000,4,84,0,0,0,0,1,0,0,0,0
200000,3,106,0,0,0,0,0,1,1,0,0
1000000,4,53,0,0,0,0,0,1,1,0,0
700000,5,97,0,0,0,0,0,1,0,1,0
10000000,3,114,0,0,0,0,0,1,0,1,0
7500000,4,101,0,0,0,0,0,1,0,1,0
40000000,4,138,0,0,0,0,0,1,0,1,0
7000000,4,102,0,0,0,0,0,1,0,1,0
20000000,4,122,0,0,0,0,0,1,0,1,0
35000000,4,330,0,0,0,0,0,1,0,1,0
6000000,4,112,0,0,0,0,0,1,0,1,0
8000000,4,99,0,0,0,0,0,1,0,1,0
15000000,4,100,0,0,0,0,0,1,0,1,0
1000000,4,97,0,0,0,0,0,1,0,1,0
100000000,4,216,0,0,0,0,0,1,0,1,0
1700000,4,138,0,0,0,0,0,1,0,1,0
5000000,4,103,0,0,0,0,0,1,0,1,0
500000,4,90,0,0,0,0,0,1,0,1,0
2100000,4,125,0,0,0,0,0,1,0,1,0
8000000,4,178,0,0,0,0,0,1,0,1,0
1900000,4,99,0,0,0,0,0,1,0,1,0
12000000,4,121,0,0,0,0,0,1,0,1,0
25000000,4,142,0,0,0,0,0,1,0,1,0
5000000,4,94,0,0,0,0,0,1,0,1,0
450000,4,91,0,0,0,0,0,1,0,1,0
12500000,4,99,0,0,0,0,0,1,0,1,0
13000000,4,220,0,0,0,0,0,1,0,1,0
54000000,4,170,0,0,0,0,0,1,0,1,0
6000000,4,175,0,0,0,0,0,1,0,1,0
50000000,4,141,0,0,0,0,0,1,0,1,0
25000000,4,142,0,0,0,0,0,1,0,1,0
7000000,4,115,0,0,0,0,0,1,0,1,0
15000000,4,126,0,0,0,0,0,1,0,1,0
60000000,4,189,0,0,0,0,0,1,0,1,0
3200000,4,101,0,0,0,0,0,1,0,1,0
2300000,6,92,0,0,0,0,0,1,0,1,0
25000000,3,122,0,0,0,0,0,1,0,1,0
65000000,4,162,0,0,0,0,0,1,0,1,0
3000000,4,109,0,0,0,0,0,1,0,1,0
40000000,4,107,0,0,0,0,0,1,0,1,0
15000000,4,111,0,0,0,0,0,1,0,1,0
1300000,4,102,0,0,0,0,0,1,0,1,0
19000000,4,138,0,0,0,0,0,1,0,1,0
8000000,4,116,0,0,0,0,0,1,0,1,0
58000000,4,123,0,0,0,0,0,1,0,1,0
12000000,3,104,0,0,0,0,0,1,0,1,0
15000000,4,121,0,0,0,0,0,1,0,1,0
6000000,6,152,0,0,0,0,0,1,0,1,0
1000000,3,119,0,0,0,0,0,1,0,1,0
12500000,4,100,0,0,0,0,0,1,0,1,0
22000000,4,100,0,0,0,0,0,1,0,1,0
31000000,3,118,0,0,0,0,0,1,0,1,0
42000000,3,115,0,0,0,0,0,1,0,1,0
45000000,3,119,0,0,0,0,0,1,0,1,0
30000000,3,106,0,0,0,0,0,1,0,1,0
45000000,3,141,0,0,0,0,0,1,0,1,0
40000000,3,90,0,0,0,0,0,1,0,1,0
30000000,4,108,0,0,0,0,0,1,0,1,0
28000000,4,114,0,0,0,0,0,1,0,1,0
55000000,4,141,0,0,0,0,0,1,0,1,0
60000000,4,108,0,0,0,0,0,1,0,1,0
20000000,4,123,0,0,0,0,0,1,0,1,0
50000000,4,113,0,0,0,0,0,1,0,1,0
38000000,4,118,0,0,0,0,0,1,0,1,0
61000000,4,149,0,0,0,0,0,1,0,1,0
45000000,4,129,0,0,0,0,0,1,0,1,0
27000000,4,115,0,0,0,0,0,1,0,1,0
35000000,4,138,0,0,0,0,0,1,0,1,0
25000000,4,119,0,0,0,0,0,1,0,1,0
30000000,4,155,0,0,0,0,0,1,0,1,0
25000000,4,138,0,0,0,0,0,1,0,1,0
7500000,4,105,0,0,0,0,0,1,0,1,0
46000000,4,153,0,0,0,0,0,1,0,1,0
33000000,4,127,0,0,0,0,0,1,0,1,0
19000000,4,113,0,0,0,0,0,1,0,1,0
27000000,4,99,0,0,0,0,0,1,0,1,0
48000000,4,118,0,0,0,0,0,1,0,1,0
90000000,4,158,0,0,0,0,0,1,0,1,0
9000000,4,89,0,0,0,0,0,1,0,1,0
45000000,4,124,0,0,0,0,0,1,0,1,0
18000000,4,103,0,0,0,0,0,1,0,1,0
6000000,4,106,0,0,0,0,0,1,0,1,0
20000000,4,115,0,0,0,0,0,1,0,1,0
5000000,4,104,0,0,0,0,0,1,0,1,0
44000000,4,187,0,0,0,0,0,1,0,1,0
910000,6,108,0,0,0,0,0,1,0,1,0
12000000,3,91,0,0,0,0,0,1,0,1,0
250000,4,98,0,0,0,0,0,1,0,1,0
500000,4,86,0,0,0,0,0,1,0,1,0
35000000,3,133,0,0,0,0,0,1,0,1,0
16000000,4,130,0,0,0,0,0,1,0,1,0
4500000,4,109,0,0,0,0,0,1,0,1,0
15000000,4,118,0,0,0,0,0,1,0,1,0
11000000,4,98,0,0,0,0,0,1,0,1,0
500000,4,112,0,0,0,0,0,1,0,1,0
48000000,4,123,0,0,0,0,0,1,0,1,0
50000000,4,114,0,0,0,0,0,1,0,1,0
22000000,4,142,0,0,0,0,0,1,0,1,0
24000000,4,115,0,0,0,0,0,1,0,1,0
12000000,4,112,0,0,0,0,0,1,0,1,0
30000000,3,125,0,0,0,0,0,1,0,1,0
1000000,6,78,0,0,0,0,0,1,0,1,0
35000000,3,123,0,0,0,0,0,1,0,1,0
2000000,3,97,0,0,0,0,0,1,0,1,0
38000000,3,115,0,0,0,0,0,1,0,1,0
36000000,3,116,0,0,0,0,0,1,0,1,0
22000000,3,110,0,0,0,0,0,1,0,1,0
50000000,3,115,0,0,0,0,0,1,0,1,0
40000000,3,135,0,0,0,0,0,1,0,1,0
8000000,4,107,0,0,0,0,0,1,0,1,0
32000000,4,96,0,0,0,0,0,1,0,1,0
40000000,4,149,0,0,0,0,0,1,0,1,0
5000000,4,97,0,0,0,0,0,1,0,1,0
60000000,4,104,0,0,0,0,0,1,0,1,0
21500000,4,117,0,0,0,0,0,1,0,1,0
22000000,4,101,0,0,0,0,0,1,0,1,0
1066167,4,90,0,0,0,0,0,1,0,1,0
8000000,4,120,0,0,0,0,0,1,0,1,0
35000000,4,109,0,0,0,0,0,1,0,1,0
17000000,4,132,0,0,0,0,0,1,0,1,0
10000000,4,114,0,0,0,0,0,1,0,1,0
17500000,4,116,0,0,0,0,0,1,0,1,0
500000,4,91,0,0,0,0,0,1,0,1,0
65000000,4,120,0,0,0,0,0,1,0,1,0
10000000,4,120,0,0,0,0,0,1,0,1,0
12000000,4,95,0,0,0,0,0,1,0,1,0
7000000,4,109,0,0,0,0,0,1,0,1,0
20000000,4,101,0,0,0,0,0,1,0,1,0
11000000,4,100,0,0,0,0,0,1,0,1,0
950000,4,104,0,0,0,0,0,1,0,1,0
7000000,4,95,0,0,0,0,0,1,0,1,0
50000000,4,107,0,0,0,0,0,1,0,1,0
50000000,4,118,0,0,0,0,0,1,0,1,0
50000000,4,122,0,0,0,0,0,1,0,1,0
3500000,4,97,0,0,0,0,0,1,0,1,0
27000000,4,98,0,0,0,0,0,1,0,1,0
8500000,4,117,0,0,0,0,0,1,0,1,0
25000000,4,122,0,0,0,0,0,1,0,1,0
22000000,4,116,0,0,0,0,0,1,0,1,0
48000000,4,112,0,0,0,0,0,1,0,1,0
30000000,4,130,0,0,0,0,0,1,0,1,0
12000000,4,91,0,0,0,0,0,1,0,1,0
1200000,4,99,0,0,0,0,0,1,0,1,0
80000000,4,117,0,0,0,0,0,1,0,1,0
45000000,4,141,0,0,0,0,0,1,0,1,0
30000000,4,106,0,0,0,0,0,1,0,1,0
30000000,4,106,0,0,0,0,0,1,0,1,0
44000000,4,147,0,0,0,0,0,1,0,1,0
500000,4,97,0,0,0,0,0,1,0,1,0
20000000,4,105,0,0,0,0,0,1,0,1,0
25000000,4,138,0,0,0,0,0,1,0,1,0
90000000,4,151,0,0,0,0,0,1,0,1,0
25000000,4,111,0,0,0,0,0,1,0,1,0
25000000,4,111,0,0,0,0,0,1,0,1,0
13000000,4,109,0,0,0,0,0,1,0,1,0
50000000,4,130,0,0,0,0,0,1,0,1,0
40000000,4,118,0,0,0,0,0,1,0,1,0
15000000,4,140,0,0,0,0,0,1,0,1,0
68000000,4,124,0,0,0,0,0,1,0,1,0
15000000,4,90,0,0,0,0,0,1,0,1,0
40000000,4,139,0,0,0,0,0,1,0,1,0
37000000,4,150,0,0,0,0,0,1,0,1,0
25000000,4,119,0,0,0,0,0,1,0,1,0
48000000,4,190,0,0,0,0,0,1,0,1,0
45000000,4,122,0,0,0,0,0,1,0,1,0
9500000,4,106,0,0,0,0,0,1,0,1,0
35000000,4,101,0,0,0,0,0,1,0,1,0
21000000,4,117,0,0,0,0,0,1,0,1,0
19000000,4,108,0,0,0,0,0,1,0,0,0
7000000,4,109,0,0,0,0,0,1,0,0,0
5000000,4,95,0,0,0,0,0,1,0,0,0
27000000,4,101,0,0,0,0,0,1,0,0,0
33000000,4,97,0,0,0,0,0,1,0,0,0
8000000,4,95,0,0,0,0,0,1,0,0,0
15000000,4,114,0,0,0,0,0,1,0,0,0
53000000,3,89,0,0,0,0,0,1,0,0,0
75000000,3,125,0,0,0,0,0,1,0,0,0
8600000,4,84,0,0,0,0,0,1,0,0,0
70000000,4,105,0,0,0,0,0,1,0,0,0
25000000,4,96,0,0,0,0,0,1,0,0,0
50000000,4,115,0,0,0,0,0,1,0,0,0
69000000,4,98,0,0,0,0,0,1,0,0,0
37000000,4,118,0,0,0,0,0,1,0,0,0
4000000,4,81,0,0,0,0,0,1,0,0,0
26000000,4,110,0,0,0,0,0,1,0,0,0
48000000,4,113,0,0,0,0,0,1,0,0,0
50000000,3,105,0,0,0,0,0,1,0,0,0
13200000,3,84,0,0,0,0,0,1,0,0,0
85000000,3,116,0,0,0,0,0,1,0,0,0
85000000,3,122,0,0,0,0,0,1,0,0,0
110000000,3,125,0,0,0,0,0,1,0,0,0
35000000,4,128,0,0,0,0,0,1,0,0,0
15000000,4,97,0,0,0,0,0,1,0,0,0
12000000,4,154,0,0,0,0,0,1,0,0,0
15000000,4,97,0,0,0,0,0,1,0,0,0
13000000,4,81,0,0,0,0,0,1,0,0,0
80000000,4,139,0,0,0,0,0,1,0,0,0
30000000,4,88,0,0,0,0,0,1,0,0,0
6800000,4,101,0,0,0,0,0,1,0,0,0
40000000,4,147,0,0,0,0,0,1,0,0,0
13000000,4,94,0,0,0,0,0,1,0,0,0
5000000,4,90,0,0,0,0,0,1,0,0,0
225000,6,86,0,0,0,0,0,0,1,0,0
2500000,6,112,0,0,0,0,0,0,1,0,0
2500000,2,87,0,0,0,0,0,0,1,0,0
400000,2,92,0,0,0,0,0,0,1,0,0
1100,2,90,0,0,0,0,0,0,1,0,0
375000,2,86,0,0,0,0,0,0,1,0,0
1000000,2,92,0,0,0,0,0,0,1,0,0
3000000,3,93,0,0,0,0,0,0,1,0,0
2500000,4,80,0,0,0,0,0,0,1,0,0
160000,4,91,0,0,0,0,0,0,1,0,0
8000000,4,96,0,0,0,0,0,0,1,0,0
500000,6,93,0,0,0,0,0,0,1,0,0
200000,6,85,0,0,0,0,0,0,1,0,0
160000,6,93,0,0,0,0,0,0,1,0,0
9000000,3,123,0,0,0,0,0,0,1,1,0
700000,3,170,0,0,0,0,0,0,1,1,0
6000000,4,122,0,0,0,0,0,0,1,1,0
200000,3,86,0,0,0,0,0,0,1,0,0
600000,4,215,0,0,0,0,0,0,1,0,0
13000000,1,115,0,0,0,0,0,0,1,0,0
9000000,2,84,0,0,0,0,0,0,1,0,0
12000000,2,93,0,0,0,0,0,0,1,0,0
10000000,2,106,0,0,0,0,0,0,1,0,0
60000000,2,111,0,0,0,0,0,0,1,0,0
1000000,3,91,0,0,0,0,0,0,1,0,0
4000000,3,102,0,0,0,0,0,0,1,0,0
500000,6,89,0,0,0,0,0,0,1,0,0
1750211,4,88,0,0,0,0,0,0,1,0,0
10000000,6,93,0,0,0,0,0,0,0,1,0
31000000,2,106,0,0,0,0,0,0,0,1,0
5000000,2,120,0,0,0,0,0,0,0,1,0
13000000,2,109,0,0,0,0,0,0,0,1,0
9000000,2,97,0,0,0,0,0,0,0,1,0
1500000,2,91,0,0,0,0,0,0,0,1,0
1300000,2,105,0,0,0,0,0,0,0,1,0
20000000,3,128,0,0,0,0,0,0,0,1,0
5000000,3,121,0,0,0,0,0,0,0,1,0
60000000,3,115,0,0,0,0,0,0,0,1,0
30000000,3,108,0,0,0,0,0,0,0,1,0
9000000,3,121,0,0,0,0,0,0,0,1,0
18000000,3,98,0,0,0,0,0,0,0,1,0
2000000,3,129,0,0,0,0,0,0,0,1,0
27000000,3,116,0,0,0,0,0,0,0,1,0
2300000,3,120,0,0,0,0,0,0,0,1,0
43000000,3,136,0,0,0,0,0,0,0,1,0
22000000,3,132,0,0,0,0,0,0,0,1,0
18000000,3,111,0,0,0,0,0,0,0,1,0
23000000,3,98,0,0,0,0,0,0,0,1,0
65000000,3,117,0,0,0,0,0,0,0,1,0
10000000,3,130,0,0,0,0,0,0,0,1,0
30000000,3,109,0,0,0,0,0,0,0,1,0
700000,3,107,0,0,0,0,0,0,0,1,0
40000000,3,123,0,0,0,0,0,0,0,1,0
26000000,3,125,0,0,0,0,0,0,0,1,0
5000000,3,91,0,0,0,0,0,0,0,1,0
35000000,3,114,0,0,0,0,0,0,0,1,0
5000000,3,101,0,0,0,0,0,0,0,1,0
5000000,3,134,0,0,0,0,0,0,0,1,0
21000000,3,91,0,0,0,0,0,0,0,1,0
15000000,3,154,0,0,0,0,0,0,0,1,0
40000000,3,106,0,0,0,0,0,0,0,1,0
12500000,3,109,0,0,0,0,0,0,0,1,0
200000,3,101,0,0,0,0,0,0,0,1,0
25000000,3,146,0,0,0,0,0,0,0,1,0
2200000,3,117,0,0,0,0,0,0,0,1,0
11000000,3,110,0,0,0,0,0,0,0,1,0
18500000,3,111,0,0,0,0,0,0,0,1,0
1000000,3,120,0,0,0,0,0,0,0,1,0
23000000,3,141,0,0,0,0,0,0,0,1,0
70000000,3,136,0,0,0,0,0,0,0,1,0
16000000,3,109,0,0,0,0,0,0,0,1,0
30000000,4,120,0,0,0,0,0,0,0,1,0
12000000,4,111,0,0,0,0,0,0,0,1,0
20000000,4,124,0,0,0,0,0,0,0,1,0
15000000,4,108,0,0,0,0,0,0,0,1,0
14000000,4,107,0,0,0,0,0,0,0,1,0
15000000,4,122,0,0,0,0,0,0,0,1,0
25000000,4,145,0,0,0,0,0,0,0,1,0
25000000,4,121,0,0,0,0,0,0,0,1,0
1000000,4,88,0,0,0,0,0,0,0,1,0
15000000,4,155,0,0,0,0,0,0,0,1,0
4000000,4,165,0,0,0,0,0,0,0,1,0
25000000,4,107,0,0,0,0,0,0,0,1,0
600000,4,90,0,0,0,0,0,0,0,1,0
1900000,4,89,0,0,0,0,0,0,0,1,0
32000000,4,132,0,0,0,0,0,0,0,1,0
2000000,4,90,0,0,0,0,0,0,0,1,0
6500000,4,120,0,0,0,0,0,0,0,1,0
6000000,4,109,0,0,0,0,0,0,0,1,0
63000000,4,151,0,0,0,0,0,0,0,1,0
35000000,4,122,0,0,0,0,0,0,0,1,0
10000000,4,126,0,0,0,0,0,0,0,1,0
33000000,4,116,0,0,0,0,0,0,0,1,0
700000,4,106,0,0,0,0,0,0,0,1,0
7000000,4,106,0,0,0,0,0,0,0,1,0
15000000,4,126,0,0,0,0,0,0,0,1,0
750000,4,88,0,0,0,0,0,0,0,1,0
2500000,4,107,0,0,0,0,0,0,0,1,0
4000000,4,117,0,0,0,0,0,0,0,1,0
18000000,4,125,0,0,0,0,0,0,0,1,0
4000000,4,101,0,0,0,0,0,0,0,1,0
37000000,4,188,0,0,0,0,0,0,0,1,0
14000000,4,186,0,0,0,0,0,0,0,1,0
200000,4,97,0,0,0,0,0,0,0,1,0
2500000,4,104,0,0,0,0,0,0,0,1,0
35000000,4,126,0,0,0,0,0,0,0,1,0
4400000,4,133,0,0,0,0,0,0,0,1,0
30000000,4,127,0,0,0,0,0,0,0,1,0
6000000,4,124,0,0,0,0,0,0,0,1,0
10000000,4,109,0,0,0,0,0,0,0,1,0
15000000,4,106,0,0,0,0,0,0,0,1,0
25000000,4,133,0,0,0,0,0,0,0,1,0
20000000,4,124,0,0,0,0,0,0,0,1,0
4500000,4,102,0,0,0,0,0,0,0,1,0
1200000,4,100,0,0,0,0,0,0,0,1,0
2000000,4,96,0,0,0,0,0,0,0,1,0
1000000,4,100,0,0,0,0,0,0,0,1,0
890000,4,148,0,0,0,0,0,0,0,1,0
13500000,4,129,0,0,0,0,0,0,0,1,0
4000000,4,110,0,0,0,0,0,0,0,1,0
3000000,4,96,0,0,0,0,0,0,0,1,0
1500000,4,112,0,0,0,0,0,0,0,1,0
1500000,4,98,0,0,0,0,0,0,0,1,0
18000000,4,112,0,0,0,0,0,0,0,1,0
12500000,4,101,0,0,0,0,0,0,0,1,0
7000000,4,164,0,0,0,0,0,0,0,1,0
4000000,4,106,0,0,0,0,0,0,0,1,0
32000000,4,144,0,0,0,0,0,0,0,1,0
35000000,4,111,0,0,0,0,0,0,0,1,0
16000000,4,129,0,0,0,0,0,0,0,1,0
25000000,4,158,0,0,0,0,0,0,0,1,0
16000000,4,118,0,0,0,0,0,0,0,1,0
4500000,4,104,0,0,0,0,0,0,0,1,0
1500000,4,100,0,0,0,0,0,0,0,1,0
2000000,4,90,0,0,0,0,0,0,0,1,0
500000,4,111,0,0,0,0,0,0,0,1,0
2700000,4,113,0,0,0,0,0,0,0,1,0
225000,4,106,0,0,0,0,0,0,0,1,0
200000,4,80,0,0,0,0,0,0,0,1,0
2000000,4,100,0,0,0,0,0,0,0,1,0
1200000,4,111,0,0,0,0,0,0,0,1,0
400000,4,90,0,0,0,0,0,0,0,1,0
1592000,4,135,0,0,0,0,0,0,0,1,0
42000,6,90,0,0,0,0,0,0,0,1,0
300000,6,76,0,0,0,0,0,0,0,1,0
10000000,1,101,0,0,0,0,0,0,0,1,1
7000000,2,100,0,0,0,0,0,0,0,1,1
36000000,2,107,0,0,0,0,0,0,0,1,1
37000000,2,113,0,0,0,0,0,0,0,1,1
3500000,2,110,0,0,0,0,0,0,0,1,1
45000000,2,96,0,0,0,0,0,0,0,1,1
30000000,2,101,0,0,0,0,0,0,0,1,1
95000000,2,105,0,0,0,0,0,0,0,1,1
15000000,2,90,0,0,0,0,0,0,0,1,1
17500000,2,93,0,0,0,0,0,0,0,1,1
20000000,2,107,0,0,0,0,0,0,0,1,1
9000000,1,181,0,0,0,0,0,0,0,1,1
17000000,1,170,0,0,0,0,0,0,0,1,1
4000000,6,152,0,0,0,0,0,0,0,1,1
15000000,2,115,0,0,0,0,0,0,0,1,1
20000000,1,127,0,0,0,0,0,0,0,1,1
32000000,2,98,0,0,0,0,0,0,0,1,1
5000000,2,95,0,0,0,0,0,0,0,1,1
15000000,2,115,0,0,0,0,0,0,0,1,1
3000000,2,87,0,0,0,0,0,0,0,1,1
27000,6,65,0,0,0,0,0,0,0,1,0
1800000,3,93,0,0,0,0,0,0,0,1,0
50000000,3,129,0,0,0,0,0,0,0,1,0
1900000,3,103,0,0,0,0,0,0,0,1,0
32000000,3,139,0,0,0,0,0,0,0,1,0
30000000,4,100,0,0,0,0,0,0,0,1,0
60000000,4,123,0,0,0,0,0,0,0,1,0
35000000,4,101,0,0,0,0,0,0,0,1,0
16000000,3,89,0,0,0,0,0,0,0,1,0
100000000,3,130,0,0,0,0,0,0,0,1,0
15000000,4,101,0,0,0,0,0,0,0,1,0
2500000,4,101,0,0,0,0,0,0,0,1,0
150000000,4,119,0,0,0,0,0,0,0,1,0
11000000,3,107,0,0,0,0,0,0,0,1,0
45000000,3,133,0,0,0,0,0,0,0,1,0
60000000,3,118,0,0,0,0,0,0,0,1,0
60000000,3,104,0,0,0,0,0,0,0,1,0
70000000,3,110,0,0,0,0,0,0,0,1,0
16000000,3,115,0,0,0,0,0,0,0,1,0
40000000,2,99,0,0,0,0,0,0,0,1,0
17000000,3,86,0,0,0,0,0,0,0,1,0
60000000,3,124,0,0,0,0,0,0,0,1,0
44000000,3,99,0,0,0,0,0,0,0,1,0
90000000,3,178,0,0,0,0,0,0,0,1,0
25000000,3,112,0,0,0,0,0,0,0,1,0
150000000,3,166,0,0,0,0,0,0,0,1,0
37000000,3,122,0,0,0,0,0,0,0,1,0
85000000,3,113,0,0,0,0,0,0,0,1,0
32000000,2,123,0,0,0,0,0,0,0,1,0
39000000,3,107,0,0,0,0,0,0,0,1,0
20000000,4,108,0,0,0,0,0,0,0,1,0
22000000,3,127,0,0,0,0,0,0,0,1,0
825000,2,95,0,0,0,0,0,0,0,1,0
60000000,3,126,0,0,0,0,0,0,0,1,0
65000000,3,135,0,0,0,0,0,0,0,1,0
65000000,3,135,0,0,0,0,0,0,0,1,0
30000000,4,100,0,0,0,0,0,0,0,1,0
36000000,3,130,0,0,0,0,0,0,0,1,0
6000000,3,99,0,0,0,0,0,0,0,1,0
36000000,4,155,0,0,0,0,0,0,0,1,0
14000000,4,112,0,0,0,0,0,0,0,1,0
2400000,4,120,0,0,0,0,0,0,0,1,0
5000000,6,135,0,0,0,0,0,0,0,1,0
55000000,4,172,0,0,0,0,0,0,0,1,0
75000000,3,148,0,0,0,0,0,0,0,1,0
3977000,1,226,0,0,0,0,0,0,0,1,0
11000000,4,111,0,0,0,0,0,0,0,1,0
20000000,2,101,0,0,0,0,0,0,0,1,0
87000000,3,140,0,0,0,0,0,0,0,1,0
40000000,3,142,0,0,0,0,0,0,0,1,0
80000000,3,145,0,0,0,0,0,0,0,1,0
63000000,3,129,0,0,0,0,0,0,0,1,0
15000000,4,111,0,0,0,0,0,0,0,1,0
40000000,4,157,0,0,0,0,0,0,0,1,0
75000000,3,121,0,0,0,0,0,0,0,1,0
15000000,4,131,0,0,0,0,0,0,0,1,0
26000000,2,175,0,0,0,0,0,0,0,1,0
25000000,2,271,0,0,0,0,0,0,0,1,0
56000000,3,280,0,0,0,0,0,0,0,1,0
92000000,4,152,0,0,0,0,0,0,0,1,0
68000000,4,131,0,0,0,0,0,0,0,1,0
90000000,4,135,0,0,0,0,0,0,0,1,0
3000000,4,100,0,0,0,0,0,0,0,1,0
18000000,4,122,0,0,0,0,0,0,0,1,0
19000000,4,141,0,0,0,0,0,0,0,1,0
107000000,3,137,0,0,0,0,0,0,0,1,0
8500000,3,95,0,0,0,0,0,0,0,1,0
500000,4,93,0,0,0,0,0,0,0,1,0
15000000,3,104,0,0,0,0,0,0,0,1,0
20000000,3,89,0,0,0,0,0,0,0,1,0
1000000,3,90,0,0,0,0,0,0,0,1,0
14000000,3,84,0,0,0,0,0,0,0,1,0
32000000,3,119,0,0,0,0,0,0,0,1,0
37000000,3,114,0,0,0,0,0,0,0,1,0
4500000,4,104,0,0,0,0,0,0,0,1,0
30000000,4,101,0,0,0,0,0,0,0,1,0
19000000,4,90,0,0,0,0,0,0,0,1,0
47000000,4,108,0,0,0,0,0,0,0,1,0
70000000,4,125,0,0,0,0,0,0,0,1,0
150000000,3,104,0,0,0,0,0,0,0,1,0
650000,4,98,0,0,0,0,0,0,0,1,0
25000000,3,102,0,0,0,0,0,0,0,1,0
20000000,3,90,0,0,0,0,0,0,0,1,0
40000000,3,110,0,0,0,0,0,0,0,1,0
68000000,4,136,0,0,0,0,0,0,0,1,0
26000000,4,115,0,0,0,0,0,0,0,1,0
30000000,3,103,0,0,0,0,0,0,0,1,0
20000000,3,122,0,0,0,0,0,0,0,1,0
5000000,3,82,0,0,0,0,0,0,0,1,0
16000000,3,91,0,0,0,0,0,0,0,1,0
17000000,3,86,0,0,0,0,0,0,0,1,0
28000000,4,97,0,0,0,0,0,0,0,1,0
30000000,2,114,0,0,0,0,0,0,0,1,0
6500000,2,143,0,0,0,0,0,0,0,1,0
20000000,3,110,0,0,0,0,0,0,0,1,0
7000000,3,116,0,0,0,0,0,0,0,1,0
6000000,3,86,0,0,0,0,0,0,0,1,0
1800000,3,109,0,0,0,0,0,0,0,1,0
17000000,3,116,0,0,0,0,0,0,0,1,0
30000000,3,118,0,0,0,0,0,0,0,1,0
8000000,3,95,0,0,0,0,0,0,0,1,0
13000000,4,121,0,0,0,0,0,0,0,1,0
41000000,4,110,0,0,0,0,0,0,0,1,0
8000000,4,104,0,0,0,0,0,0,0,1,0
15000000,4,116,0,0,0,0,0,0,0,1,0
427000,4,80,0,0,0,0,0,0,0,1,0
500000,4,86,0,0,0,0,0,0,0,1,0
11000000,4,104,0,0,0,0,0,0,0,1,0
57000000,4,105,0,0,0,0,0,0,0,1,0
3300000,4,107,0,0,0,0,0,0,0,1,0
70000000,3,130,0,0,0,0,0,0,0,1,0
55000000,3,119,0,0,0,0,0,0,0,1,0
23000000,3,98,0,0,0,0,0,0,0,1,0
25000000,3,99,0,0,0,0,0,0,0,1,0
8200000,2,107,0,0,0,0,0,0,0,1,0
18000000,3,115,0,0,0,0,0,0,0,1,0
22000000,3,104,0,0,0,0,0,0,0,1,0
25000000,3,94,0,0,0,0,0,0,0,1,0
13000000,3,112,0,0,0,0,0,0,0,1,0
30000000,3,107,0,0,0,0,0,0,0,1,0
33000000,3,99,0,0,0,0,0,0,0,1,0
14000000,3,109,0,0,0,0,0,0,0,1,0
7000000,4,112,0,0,0,0,0,0,0,1,0
4000000,4,95,0,0,0,0,0,0,0,1,0
10000000,4,129,0,0,0,0,0,0,0,1,0
8500000,4,125,0,0,0,0,0,0,0,1,0
2450000,3,105,0,0,0,0,0,0,0,1,0
61000000,3,158,0,0,0,0,0,0,0,1,0
52500000,3,127,0,0,0,0,0,0,0,1,0
80000000,3,118,0,0,0,0,0,0,0,1,0
40000000,3,135,0,0,0,0,0,0,0,1,0
20000000,3,104,0,0,0,0,0,0,0,1,0
7500000,3,100,0,0,0,0,0,0,0,1,0
31000000,3,101,0,0,0,0,0,0,0,1,0
1650000,4,111,0,0,0,0,0,0,0,1,0
5000000,4,135,0,0,0,0,0,0,0,1,0
12000000,3,109,0,0,0,0,0,0,0,1,0
64000000,4,133,0,0,0,0,0,0,0,1,0
36000000,3,127,0,0,0,0,0,0,0,1,0
16000000,3,110,0,0,0,0,0,0,0,1,0
60000000,3,108,0,0,0,0,0,0,0,1,0
6000000,3,102,0,0,0,0,0,0,0,1,0
30000000,3,114,0,0,0,0,0,0,0,1,0
20000000,4,100,0,0,0,0,0,0,0,1,0
11000000,4,96,0,0,0,0,0,0,0,1,0
10000000,3,111,0,0,0,0,0,0,0,1,0
5000000,3,99,0,0,0,0,0,0,0,1,0
48000000,3,120,0,0,0,0,0,0,0,1,0
90000000,2,150,0,0,0,0,0,0,0,1,0
50000000,3,121,0,0,0,0,0,0,0,1,0
75000000,3,134,0,0,0,0,0,0,0,1,0
40000000,3,130,0,0,0,0,0,0,0,1,0
30000000,3,108,0,0,0,0,0,0,0,1,0
66000000,3,121,0,0,0,0,0,0,0,1,0
75000000,3,106,0,0,0,0,0,0,0,1,0
40000000,4,102,0,0,0,0,0,0,0,1,0
29000000,4,94,0,0,0,0,0,0,0,1,0
80000000,4,129,0,0,0,0,0,0,0,1,0
10000000,2,110,0,0,0,0,0,0,0,1,0
25000000,3,100,0,0,0,0,0,0,0,1,0
20000000,3,105,0,0,0,0,0,0,0,1,0
55000000,3,84,0,0,0,0,0,0,0,1,0
55000000,3,98,0,0,0,0,0,0,0,1,0
20000000,3,96,0,0,0,0,0,0,0,1,0
15000000,3,105,0,0,0,0,0,0,0,1,0
40000000,3,107,0,0,0,0,0,0,0,1,0
24000000,4,90,0,0,0,0,0,0,0,1,0
46000000,4,118,0,0,0,0,0,0,0,1,0
150000,4,78,0,0,0,0,0,0,0,1,0
60000,4,84,0,0,0,0,0,0,0,1,0
15500000,4,93,0,0,0,0,0,0,0,1,0
57000000,4,136,0,0,0,0,0,0,0,1,0
42000000,4,154,0,0,0,0,0,0,0,1,0
50000000,4,129,0,0,0,0,0,0,0,1,0
95000000,4,116,0,0,0,0,0,0,0,1,0
32000000,4,105,0,0,0,0,0,0,0,1,0
8000000,4,90,0,0,0,0,0,0,0,1,0
160000,6,95,0,0,0,0,0,0,0,1,0
11000000,2,101,0,0,0,0,0,0,0,1,0
500000,2,122,0,0,0,0,0,0,0,1,0
5000000,2,90,0,0,0,0,0,0,0,1,0
16500000,2,136,0,0,0,0,0,0,0,1,0
30000000,2,139,0,0,0,0,0,0,0,1,0
72000000,2,152,0,0,0,0,0,0,0,1,0
7500000,2,118,0,0,0,0,0,0,0,1,0
10000000,3,98,0,0,0,0,0,0,0,1,0
60000000,3,128,0,0,0,0,0,0,0,1,0
40000000,3,103,0,0,0,0,0,0,0,1,0
3300000,3,91,0,0,0,0,0,0,0,1,0
14000000,3,135,0,0,0,0,0,0,0,1,0
60000000,3,140,0,0,0,0,0,0,0,1,0
20000000,3,104,0,0,0,0,0,0,0,1,0
13500000,3,107,0,0,0,0,0,0,0,1,0
15000000,3,96,0,0,0,0,0,0,0,1,0
30000000,3,114,0,0,0,0,0,0,0,1,0
250000,3,90,0,0,0,0,0,0,0,1,0
18000000,3,109,0,0,0,0,0,0,0,1,0
85000000,3,145,0,0,0,0,0,0,0,1,0
55000000,3,131,0,0,0,0,0,0,0,1,0
21000000,3,112,0,0,0,0,0,0,0,1,0
8000000,3,99,0,0,0,0,0,0,0,1,0
15000000,3,107,0,0,0,0,0,0,0,1,0
30000000,3,126,0,0,0,0,0,0,0,1,0
16000000,3,113,0,0,0,0,0,0,0,1,0
14500000,3,120,0,0,0,0,0,0,0,1,0
55000000,3,123,0,0,0,0,0,0,0,1,0
5600000,3,141,0,0,0,0,0,0,0,1,0
40000000,3,119,0,0,0,0,0,0,0,1,0
26000000,3,118,0,0,0,0,0,0,0,1,0
35000000,3,135,0,0,0,0,0,0,0,1,0
12000000,3,133,0,0,0,0,0,0,0,1,0
25000000,3,114,0,0,0,0,0,0,0,1,0
34000000,3,128,0,0,0,0,0,0,0,1,0
25000000,3,101,0,0,0,0,0,0,0,1,0
29000000,3,123,0,0,0,0,0,0,0,1,0
13000000,3,102,0,0,0,0,0,0,0,1,0
30000000,3,104,0,0,0,0,0,0,0,1,0
15500000,3,102,0,0,0,0,0,0,0,1,0
200000000,3,194,0,0,0,0,0,0,0,1,0
60000000,3,124,0,0,0,0,0,0,0,1,0
38000000,3,120,0,0,0,0,0,0,0,1,0
11000000,3,118,0,0,0,0,0,0,0,1,0
17000000,4,112,0,0,0,0,0,0,0,1,0
6500000,4,97,0,0,0,0,0,0,0,1,0
7000000,4,99,0,0,0,0,0,0,0,1,0
2500000,4,108,0,0,0,0,0,0,0,1,0
38000000,4,102,0,0,0,0,0,0,0,1,0
3000000,4,109,0,0,0,0,0,0,0,1,0
2500000,4,105,0,0,0,0,0,0,0,1,0
2700000,4,80,0,0,0,0,0,0,0,1,0
3500000,4,112,0,0,0,0,0,0,0,1,0
14000000,4,134,0,0,0,0,0,0,0,1,0
10000000,4,122,0,0,0,0,0,0,0,1,0
27000000,4,98,0,0,0,0,0,0,0,1,0
6000000,4,97,0,0,0,0,0,0,0,1,0
10500000,4,97,0,0,0,0,0,0,0,1,0
14000000,4,119,0,0,0,0,0,0,0,1,0
2000000,4,92,0,0,0,0,0,0,0,1,0
40000000,4,129,0,0,0,0,0,0,0,1,0
300000,4,94,0,0,0,0,0,0,0,1,0
3600000,4,111,0,0,0,0,0,0,0,1,0
26000000,4,137,0,0,0,0,0,0,0,1,0
45000000,4,139,0,0,0,0,0,0,0,1,0
10000000,4,104,0,0,0,0,0,0,0,1,0
4000000,4,112,0,0,0,0,0,0,0,1,0
4825000,4,125,0,0,0,0,0,0,0,1,0
16000000,4,132,0,0,0,0,0,0,0,1,0
14000000,4,109,0,0,0,0,0,0,0,1,0
35000000,4,119,0,0,0,0,0,0,0,1,0
800000,4,114,0,0,0,0,0,0,0,1,0
2000000,4,102,0,0,0,0,0,0,0,1,0
5000000,4,93,0,0,0,0,0,0,0,1,0
6000000,4,96,0,0,0,0,0,0,0,1,0
16000000,4,120,0,0,0,0,0,0,0,1,0
9600000,4,144,0,0,0,0,0,0,0,1,0
18000000,4,131,0,0,0,0,0,0,0,1,0
30000000,4,132,0,0,0,0,0,0,0,1,0
32000000,4,124,0,0,0,0,0,0,0,1,0
50000000,4,135,0,0,0,0,0,0,0,1,0
6000000,4,90,0,0,0,0,0,0,0,1,0
12000000,4,110,0,0,0,0,0,0,0,1,0
25000000,4,108,0,0,0,0,0,0,0,1,0
100000,3,92,0,0,0,0,0,0,0,1,0
23000000,4,126,0,0,0,0,0,0,0,1,0
2500000,3,90,0,0,0,0,0,0,0,1,0
30000000,3,104,0,0,0,0,0,0,0,1,0
50000000,3,137,0,0,0,0,0,0,0,1,0
10000000,3,118,0,0,0,0,0,0,0,1,0
15000000,3,124,0,0,0,0,0,0,0,1,0
55000000,3,124,0,0,0,0,0,0,0,1,0
28000000,3,115,0,0,0,0,0,0,0,1,0
8000000,4,108,0,0,0,0,0,0,0,1,0
14000000,4,119,0,0,0,0,0,0,0,1,0
5000000,4,95,0,0,0,0,0,0,0,1,0
2100000,6,172,0,0,0,0,0,0,0,1,0
25000000,3,108,0,0,0,0,0,0,0,1,0
11000000,3,200,0,0,0,0,0,0,0,1,0
13000000,4,127,0,0,0,0,0,0,0,1,0
27000000,4,162,0,0,0,0,0,0,0,1,0
6500000,4,105,0,0,0,0,0,0,0,1,0
30000000,4,133,0,0,0,0,0,0,0,1,0
35000000,4,148,0,0,0,0,0,0,0,1,0
57000000,3,220,0,0,0,0,0,0,0,1,0
60000000,3,170,0,0,0,0,0,0,0,1,0
22000000,4,139,0,0,0,0,0,0,0,1,0
8000000,6,144,0,0,0,0,0,0,0,1,0
19400870,2,135,0,0,0,0,0,0,0,1,0
35000000,3,96,0,0,0,0,0,0,0,1,0
1000000,4,97,0,0,0,0,0,0,0,1,0
12000000,3,89,0,0,0,0,0,0,0,1,0
36000000,3,106,0,0,0,0,0,0,0,1,0
7000,3,77,0,0,0,0,0,0,0,1,0
72000000,3,106,0,0,0,0,0,0,0,1,0
80000000,3,104,0,0,0,0,0,0,0,1,0
76000000,4,109,0,0,0,0,0,0,0,1,0
4500000,4,133,0,0,0,0,0,0,0,1,0
34000000,4,109,0,0,0,0,0,0,0,1,0
7000000,1,99,0,0,0,0,0,0,0,1,0
100000,2,111,0,0,0,0,0,0,0,1,0
24000000,2,139,0,0,0,0,0,0,0,1,0
960000,2,145,0,0,0,0,0,0,0,1,0
65000000,2,131,0,0,0,0,0,0,0,1,0
30000000,3,136,0,0,0,0,0,0,0,1,0
35000000,3,133,0,0,0,0,0,0,0,1,0
21000000,3,106,0,0,0,0,0,0,0,1,0
1200000,3,113,0,0,0,0,0,0,0,1,0
30000000,3,132,0,0,0,0,0,0,0,1,0
13000000,3,112,0,0,0,0,0,0,0,1,0
25000000,3,140,0,0,0,0,0,0,0,1,0
15000000,3,111,0,0,0,0,0,0,0,1,0
55000000,4,156,0,0,0,0,0,0,0,1,0
25000000,4,110,0,0,0,0,0,0,0,1,0
200000,4,109,0,0,0,0,0,0,0,1,0
25000000,4,136,0,0,0,0,0,0,0,1,0
7000000,4,99,0,0,0,0,0,0,0,1,0
30000000,4,124,0,0,0,0,0,0,0,1,0
13800000,4,119,0,0,0,0,0,0,0,1,0
500000,4,112,0,0,0,0,0,0,0,1,0
6000000,4,109,0,0,0,0,0,0,0,1,0
60000000,3,106,0,0,0,0,0,0,0,1,0
8500000,3,85,0,0,0,0,0,0,0,1,0
40000000,4,138,0,0,0,0,0,0,0,1,0
12000000,4,107,0,0,0,0,0,0,0,1,0
13000000,4,108,0,0,0,0,0,0,0,1,0
55000000,4,121,0,0,0,0,0,0,0,1,0
26000000,4,105,0,0,0,0,0,0,0,1,0
45000000,4,91,0,0,0,0,0,0,0,1,0
40000000,4,111,0,0,0,0,0,0,0,1,0
22000000,4,112,0,0,0,0,0,0,0,1,0
55000000,4,128,0,0,0,0,0,0,0,1,0
10000000,4,82,0,0,0,0,0,0,0,1,0
31000000,4,138,0,0,0,0,0,0,0,1,0
55000000,4,126,0,0,0,0,0,0,0,1,0
13000000,4,99,0,0,0,0,0,0,0,1,0
12000000,4,96,0,0,0,0,0,0,0,1,0
4000000,4,99,0,0,0,0,0,0,0,1,0
27500000,4,122,0,0,0,0,0,0,0,1,0
22000000,4,105,0,0,0,0,0,0,0,1,0
10000000,4,123,0,0,0,0,0,0,0,1,0
50000000,4,128,0,0,0,0,0,0,0,1,0
5000000,4,121,0,0,0,0,0,0,0,1,0
250000,4,99,0,0,0,0,0,0,0,1,0
20000000,4,126,0,0,0,0,0,0,0,1,0
20000000,4,113,0,0,0,0,0,0,0,1,0
44000000,4,118,0,0,0,0,0,0,0,1,0
900000,4,91,0,0,0,0,0,0,0,1,0
18000000,4,109,0,0,0,0,0,0,0,1,0
50000000,4,124,0,0,0,0,0,0,0,1,0
5000000,4,106,0,0,0,0,0,0,0,1,0
35000000,4,92,0,0,0,0,0,0,0,1,0
19000000,3,131,0,0,0,0,0,0,0,1,0
70000000,3,118,0,0,0,0,0,0,0,1,0
66000000,3,146,0,0,0,0,0,0,0,1,0
1700000,4,124,0,0,0,0,0,0,0,1,0
31500000,4,289,0,0,0,0,0,0,0,1,0
60000000,4,125,0,0,0,0,0,0,0,1,0
25000000,4,112,0,0,0,0,0,0,0,1,0
52000000,4,215,0,0,0,0,0,0,0,1,0
6500000,3,100,0,0,0,0,0,0,0,1,0
100000000,4,165,0,0,0,0,0,0,0,1,0
16000000,4,122,0,0,0,0,0,0,0,1,0
14400000,4,131,0,0,0,0,0,0,0,1,0
19000000,1,92,0,0,0,0,0,0,0,0,1
15000000,2,103,0,0,0,0,0,0,0,0,1
10500000,2,120,0,0,0,0,0,0,0,0,1
10700000,2,120,0,0,0,0,0,0,0,0,0
25000000,3,114,0,0,0,0,0,0,0,0,0
5000000,3,89,0,0,0,0,0,0,0,0,0
2200000,4,87,0,0,0,0,0,0,0,0,0
13000000,4,72,0,0,0,0,0,0,0,0,0
9000000,4,87,0,0,0,0,0,0,0,0,0
11500000,4,103,0,0,0,0,0,0,0,0,0
1000000,4,89,0,0,0,0,0,0,0,0,0
8500000,4,93,0,0,0,0,0,0,0,0,0
3000000,4,98,0,0,0,0,0,0,0,0,0
15000000,4,103,0,0,0,0,0,0,0,0,0
60000000,3,130,0,0,0,0,0,0,0,0,0
1500000,3,103,0,0,0,0,0,0,0,0,0
42000000,3,100,0,0,0,0,0,0,0,0,0
80000000,3,113,0,0,0,0,0,0,0,0,0
4700000,4,118,0,0,0,0,0,0,0,0,0
8000000,4,107,0,0,0,0,0,0,0,0,0
30000000,4,95,0,0,0,0,0,0,0,0,0
40000000,4,155,0,0,0,0,0,0,0,0,0
8000000,4,89,0,0,0,0,0,0,0,0,0
10000000,2,101,0,0,0,0,0,0,0,0,0
5000000,3,106,0,0,0,0,0,0,0,0,0
17000000,3,101,0,0,0,0,0,0,0,0,0
7000000,4,99,0,0,0,0,0,0,0,0,0
25000000,4,99,0,0,0,0,0,0,0,0,0
2500000,4,91,0,0,0,0,0,0,0,0,0
5000000,4,101,0,0,0,0,0,0,0,0,0
68000000,4,141,0,0,0,0,0,0,0,0,0
20000000,3,105,0,0,0,0,0,0,0,0,0
10600000,3,103,0,0,0,0,0,0,0,0,0
4900000,3,81,0,0,0,0,0,0,0,0,0
32000000,4,113,0,0,0,0,0,0,0,0,0
1800000,4,101,0,0,0,0,0,0,0,0,0
9000000,4,94,0,0,0,0,0,0,0,0,0
2000000,4,95,0,0,0,0,0,0,0,0,0
17000000,4,96,0,0,0,0,0,0,0,0,0
40000000,4,92,0,0,0,0,0,0,0,0,0
2800000,4,88,0,0,0,0,0,0,0,0,0
35000000,4,91,0,0,0,0,0,0,0,0,0
15000000,4,119,0,0,0,0,0,0,0,0,0
15000000,4,119,0,0,0,0,0,0,0,0,0
10000000,4,94,0,0,0,0,0,0,0,0,0
4800000,4,93,0,0,0,0,0,0,0,0,0
7000000,4,105,0,0,0,0,0,0,0,0,0
17000000,4,104,0,0,0,0,0,0,0,0,0
3000000,4,98,0,0,0,0,0,0,0,0,0
5000000,4,94,0,0,0,0,0,0,0,0,0
5000000,4,96,0,0,0,0,0,0,0,0,0
15000,4,84,0,0,0,0,0,0,0,0,0
29000000,4,103,0,0,0,0,0,0,0,0,0
4000000,4,90,0,0,0,0,0,0,0,0,0
60000,4,81,0,0,0,0,0,0,0,0,0
1000000,4,83,0,0,0,0,0,0,0,0,0
8000000,4,132,0,0,0,0,0,0,0,0,0
40000000,4,82,0,0,0,0,0,0,0,0,0
15000000,4,89,0,0,0,0,0,0,0,0,0
15000000,4,108,0,0,0,0,0,0,0,0,0
900000,4,95,0,0,0,0,0,0,0,0,0
1000000,4,91,0,0,0,0,0,0,0,0,0
750000,4,101,0,0,0,0,0,0,0,0,0
18000000,4,126,0,0,0,0,0,0,0,0,0
8000000,4,93,0,0,0,0,0,0,0,0,0
16000000,4,83,0,0,0,0,0,0,0,0,0
20000000,4,91,0,0,0,0,0,0,0,0,0
8500000,4,150,0,0,0,0,0,0,0,0,0
20000000,3,89,0,0,0,0,0,0,0,0,0
12000000,3,92,0,0,0,0,0,0,0,0,0
6500000,4,99,0,0,0,0,0,0,0,0,0
5000000,4,89,0,0,0,0,0,0,0,0,0
7000000,4,89,0,0,0,0,0,0,0,0,0
24000000,4,100,0,0,0,0,0,0,0,0,0
2000000,4,100,0,0,0,0,0,0,0,0,0
35000000,4,112,0,0,0,0,0,0,0,0,0
5000000,4,104,0,0,0,0,0,0,0,0,0
4000000,4,95,0,0,0,0,0,0,0,0,0
10000000,4,121,0,0,0,0,0,0,0,0,0
10000000,4,96,0,0,0,0,0,0,0,0,0
10800000,4,95,0,0,0,0,0,0,0,0,0
24000000,4,120,0,0,0,0,0,0,0,0,0
40000000,4,116,0,0,0,0,0,0,0,0,0
40000000,4,111,0,0,0,0,0,0,0,0,0
15000000,4,103,0,0,0,0,0,0,0,0,0
1500000,4,100,0,0,0,0,0,0,0,0,0
3000000,4,110,0,0,0,0,0,0,0,0,0
16000000,4,101,0,0,0,0,0,0,0,0,0
3500000,4,92,0,0,0,0,0,0,0,0,0
2500000,4,98,0,0,0,0,0,0,0,0,0
15000000,4,104,0,0,0,0,0,0,0,0,0
15000000,4,109,0,0,0,0,0,0,0,0,0
5000000,3,86,0,0,0,0,0,0,0,0,0
1000000,4,86,0,0,0,0,0,0,0,0,0
11000000,3,96,0,0,0,0,0,0,0,0,0
10000000,3,80,0,0,0,0,0,0,0,0,0
8000000,3,90,0,0,0,0,0,0,0,0,0
10000000,3,97,0,0,0,0,0,0,0,0,0
10000000,3,93,0,0,0,0,0,0,0,0,0
10000000,3,98,0,0,0,0,0,0,0,0,0
43000000,3,104,0,0,0,0,0,0,0,0,0
17000000,3,89,0,0,0,0,0,0,0,0,0
5000000,4,93,0,0,0,0,0,0,0,0,0
27000000,4,109,0,0,0,0,0,0,0,0,0
30000000,4,118,0,0,0,0,0,0,0,0,0
50000000,4,125,0,0,0,0,0,0,0,0,0
1250000,4,87,0,0,0,0,0,0,0,0,0
2200000,4,92,0,0,0,0,0,0,0,0,0
35000000,4,122,0,0,0,0,0,0,0,0,0
40000000,4,98,0,0,0,0,0,0,0,0,0
19000000,4,93,0,0,0,0,0,0,0,0,0
17000000,4,99,0,0,0,0,0,0,0,0,0
25000000,4,107,0,0,0,0,0,0,0,0,0
806947,4,108,0,0,0,0,0,0,0,0,0
1200000,4,103,0,0,0,0,0,0,0,0,0
10000000,4,97,0,0,0,0,0,0,0,0,0
12000000,4,99,0,0,0,0,0,0,0,0,0
40000000,4,134,0,0,0,0,0,0,0,0,0
20000000,4,112,0,0,0,0,0,0,0,0,0
1000000,4,83,0,0,0,0,0,0,0,0,0
14000000,4,99,0,0,0,0,0,0,0,0,0
14000000,4,97,0,0,0,0,0,0,0,0,0
10000000,4,96,0,0,0,0,0,0,0,0,0
12000000,2,100,0,0,0,0,0,0,0,0,0
500000,2,97,0,0,0,0,0,0,0,0,0
23000000,4,112,0,0,0,0,0,0,0,0,0
6500000,3,91,0,0,0,0,0,0,0,0,0
65000000,3,91,0,0,0,0,0,0,0,0,0
40000000,3,99,0,0,0,0,0,0,0,0,0
3300000,3,83,0,0,0,0,0,0,0,0,0
12000000,4,89,0,0,0,0,0,0,0,0,0
33000000,4,109,0,0,0,0,0,0,0,0,0
3000000,4,85,0,0,0,0,0,0,0,0,0
21000000,4,104,0,0,0,0,0,0,0,0,0
4000000,4,93,0,0,0,0,0,0,0,0,0
30000000,3,99,0,0,0,0,0,0,0,0,0
10500000,3,98,0,0,0,0,0,0,0,0,0
25000000,3,90,0,0,0,0,0,0,0,0,0
9000000,3,75,0,0,0,0,0,0,0,0,0
17000000,3,83,0,0,0,0,0,0,0,0,0
20000000,3,137,0,0,0,0,0,0,0,0,0
14000000,3,92,0,0,0,0,0,0,0,0,0
14000000,3,92,0,0,0,0,0,0,0,0,0
8495000,3,91,0,0,0,0,0,0,0,0,0
5000000,3,94,0,0,0,0,0,0,0,0,0
15000000,3,87,0,0,0,0,0,0,0,0,0
5000000,4,88,0,0,0,0,0,0,0,0,0
26000000,4,90,0,0,0,0,0,0,0,0,0
23000000,4,98,0,0,0,0,0,0,0,0,0
4000000,4,91,0,0,0,0,0,0,0,0,0
1800000,4,97,0,0,0,0,0,0,0,0,0
5000000,4,88,0,0,0,0,0,0,0,0,0
3000000,4,96,0,0,0,0,0,0,0,0,0
5000000,4,93,0,0,0,0,0,0,0,0,0
300000,4,101,0,0,0,0,0,0,0,0,0
2000000,4,105,0,0,0,0,0,0,0,0,0
3000000,4,86,0,0,0,0,0,0,0,0,0
15000000,4,101,0,0,0,0,0,0,0,0,0
11000000,4,92,0,0,0,0,0,0,0,0,0
20000000,4,101,0,0,0,0,0,0,0,0,0
5000000,4,90,0,0,0,0,0,0,0,0,0
100000,4,81,0,0,0,0,0,0,0,0,0
40000000,4,99,0,0,0,0,0,0,0,0,0
83532,4,88,0,0,0,0,0,0,0,0,0
12600000,4,84,0,0,0,0,0,0,0,0,0
6000000,3,110,0,0,0,0,0,0,0,0,0
6500000,4,104,0,0,0,0,0,0,0,0,0
32000000,3,93,0,0,0,0,0,0,0,0,0
50000000,3,112,0,0,0,0,0,0,0,0,0
10000000,3,98,0,0,0,0,0,0,0,0,0
150000000,3,146,0,0,0,0,0,0,0,0,0
600000,3,103,0,0,0,0,0,0,0,0,0
26000000,3,85,0,0,0,0,0,0,0,0,0
40000000,3,96,0,0,0,0,0,0,0,0,0
125000000,3,174,0,0,0,0,0,0,0,0,0
30000000,4,91,0,0,0,0,0,0,0,0,0
23000000,4,97,0,0,0,0,0,0,0,0,0
9000000,4,113,0,0,0,0,0,0,0,0,0
80000000,4,138,0,0,0,0,0,0,0,0,0
4000000,4,91,0,0,0,0,0,0,0,0,0
5000000,4,108,0,0,0,0,0,0,0,0,0
32000000,4,98,0,0,0,0,0,0,0,0,0
50200000,3,106,0,0,0,0,0,0,0,0,0
12000000,2,114,0,0,0,0,0,0,0,0,0
12000000,3,106,0,0,0,0,0,0,0,0,0
80000000,3,99,0,0,0,0,0,0,0,0,0
28000000,4,117,0,0,0,0,0,0,0,0,0
13000000,4,120,0,0,0,0,0,0,0,0,0
48000000,4,91,0,0,0,0,0,0,0,0,0
300000,4,95,0,0,0,0,0,0,0,0,0
6900000,4,115,0,0,0,0,0,0,0,0,0
30000,4,78,0,0,0,0,0,0,0,0,0
