budget,content_rating,duration,Action Related,Adventure Genre,Animation Genre,Biography Genre,Comedy Genre,Crime Genre,Documentary Genre,Drama Genre,gross
70000000,2,90,1,1,1,0,1,0,0,1,23159305
33000000,3,95,1,1,0,0,1,1,0,0,205399422
34000000,4,102,1,1,0,0,1,0,0,1,11227940
48000000,4,114,1,1,0,0,1,0,0,1,60652036
75000000,2,110,1,1,0,0,1,0,0,0,97360069
115000000,2,136,1,1,0,0,0,0,0,0,474544677
7500000,3,100,1,1,0,0,0,0,0,0,12610552
85000000,4,102,1,1,0,0,0,0,0,0,32694788
30000000,3,100,1,1,0,0,0,0,0,0,11576087
65000000,3,93,1,0,0,0,1,1,0,0,68208190
65000000,3,121,1,0,0,0,1,0,0,0,29655590
27000000,4,82,1,0,0,0,1,0,0,0,31768374
170000000,3,106,1,0,0,0,1,0,0,0,113745408
30000000,4,110,1,0,0,0,0,1,0,1,15156200
50000000,4,90,1,0,0,0,0,1,0,1,81517441
66000000,3,113,1,0,0,0,0,1,0,0,87704396
83000000,4,121,1,0,0,0,0,0,0,0,66862068
63000000,4,136,1,0,0,0,0,0,0,0,171383253
24000000,4,83,1,0,0,0,0,0,0,0,10431220
60000000,4,105,1,0,0,0,0,0,0,0,73648142
90000000,1,82,0,1,1,0,1,0,0,0,245823397
10000000,4,130,0,1,0,0,1,0,0,1,30651422
24000000,1,87,0,1,0,0,1,0,0,0,16290976
17000000,1,73,0,1,0,0,1,0,0,0,11634458
45000000,2,102,0,1,0,0,1,0,0,0,71423726
8000000,4,126,0,1,0,0,0,0,0,1,1997807
5000000,1,77,0,0,1,0,1,0,0,0,19421271
21000000,4,81,0,0,1,0,1,0,0,0,52008288
80000000,1,74,0,0,1,0,0,0,0,0,60507228
2000000,4,118,0,0,0,1,0,1,0,1,11533945
500000,4,108,0,0,0,1,0,0,1,0,2047570
24000000,4,127,0,0,0,1,0,0,0,1,28871190
38000000,4,146,0,0,0,1,0,0,0,1,50668906
68000000,4,157,0,0,0,1,0,0,0,1,28965197
55000000,3,85,0,0,0,0,1,0,0,0,66365290
8000000,3,89,0,0,0,0,1,0,0,0,4692814
15000000,3,97,0,0,0,0,1,0,0,0,11614236
40000000,3,90,0,0,0,0,1,0,0,0,28535768
11000000,4,95,0,0,0,0,1,0,0,0,101736215
12000000,4,110,0,0,0,0,1,0,0,0,175370
4000000,4,94,0,0,0,0,1,0,0,0,2800000
10000000,4,89,0,0,0,0,1,0,0,0,10824921
30000000,4,103,0,0,0,0,1,1,0,0,106694016
6500000,4,102,0,0,0,0,1,1,0,0,16842303
15000000,3,111,0,0,0,0,1,1,0,1,1954202
15000000,4,112,0,0,0,0,1,1,0,1,4485485
18000000,2,97,0,0,0,0,1,1,0,0,27141959
1700000,3,98,0,0,0,0,1,1,0,0,1943649
3500000,4,87,0,0,0,0,1,1,0,0,3071947
23000000,3,114,0,0,0,0,1,0,0,1,18653615
34200000,3,93,0,0,0,0,1,0,0,1,163479795
55000000,3,122,0,0,0,0,1,0,0,1,22362500
312000,3,102,0,0,0,0,1,0,0,1,1281176
1200000,4,85,0,0,0,0,1,0,0,1,2199853
8000000,4,103,0,0,0,0,1,0,0,1,14879556
2000000,4,84,0,0,0,0,1,0,0,1,6026908
3000000,4,97,0,0,0,0,1,0,0,1,39852
28000000,4,112,0,0,0,0,1,0,0,1,4554569
9000000,4,120,0,0,0,0,1,0,0,1,34074895
13000000,4,112,0,0,0,0,1,0,0,1,22858926
16000000,3,97,0,0,0,0,1,0,0,1,38176108
8000000,3,91,0,0,0,0,1,0,0,1,17843379
21000000,3,102,0,0,0,0,1,0,0,1,15593
6000000,4,101,0,0,0,0,1,0,0,1,6851636
7000000,4,96,0,0,0,0,1,0,0,1,7292175
38000000,4,124,0,0,0,0,1,0,0,1,8406264
50000000,4,95,0,0,0,0,1,0,0,1,27067160
6000000,4,106,0,0,0,0,1,0,0,1,25047631
35000000,3,112,0,0,0,0,1,0,0,1,26494611
16000000,4,106,0,0,0,0,1,0,0,1,52885587
100000000,2,132,0,0,0,0,1,0,0,1,58220776
24000000,4,124,0,0,0,0,1,0,0,1,8427204
22000000,2,77,0,0,0,0,1,0,0,0,9694105
65000000,2,94,0,0,0,0,1,0,0,0,36830057
20000000,4,92,0,0,0,0,1,0,0,0,4002955
15000000,4,95,0,0,0,0,1,0,0,0,4193025
70000000,2,116,0,0,0,0,1,0,0,0,152149590
10000000,3,95,0,0,0,0,1,0,0,0,63319509
14000000,3,81,0,0,0,0,1,0,0,0,30628981
17000000,4,88,0,0,0,0,1,0,0,0,65535067
40000,4,90,0,0,0,0,1,0,0,0,277233
60000000,4,189,0,0,0,0,0,1,0,1,136801374
48000000,4,118,0,0,0,0,0,1,0,1,66488090
9000000,4,89,0,0,0,0,0,1,0,1,3193102
22000000,4,142,0,0,0,0,0,1,0,1,19283782
21500000,4,117,0,0,0,0,0,1,0,1,24362501
7000000,4,95,0,0,0,0,0,1,0,1,14003141
40000000,4,139,0,0,0,0,0,1,0,1,81292135
70000000,4,105,0,0,0,0,0,1,0,0,116735231
48000000,4,113,0,0,0,0,0,1,0,0,69304264
1300000,2,105,0,0,0,0,0,0,0,1,609042
40000000,3,106,0,0,0,0,0,0,0,1,13376506
14000000,4,107,0,0,0,0,0,0,0,1,4741987
15000000,4,122,0,0,0,0,0,0,0,1,130058047
25000000,4,145,0,0,0,0,0,0,0,1,13038660
32000000,4,132,0,0,0,0,0,0,0,1,2899970
63000000,4,151,0,0,0,0,0,0,0,1,37023395
2500000,4,107,0,0,0,0,0,0,0,1,1282084
37000000,4,188,0,0,0,0,0,0,0,1,22450975
4000000,4,106,0,0,0,0,0,0,0,1,399793
500000,4,111,0,0,0,0,0,0,0,1,985341
7000000,2,100,0,0,0,0,0,0,0,1,2148212
30000000,4,100,0,0,0,0,0,0,0,1,11900000
75000000,3,148,0,0,0,0,0,0,0,1,39251128
64000000,4,133,0,0,0,0,0,0,0,1,31054924
36000000,3,127,0,0,0,0,0,0,0,1,14378353
25000000,3,100,0,0,0,0,0,0,0,1,10114315
40000000,3,107,0,0,0,0,0,0,0,1,293501675
95000000,4,116,0,0,0,0,0,0,0,1,102678089
60000000,3,128,0,0,0,0,0,0,0,1,22326247
55000000,3,131,0,0,0,0,0,0,0,1,52799004
10500000,4,97,0,0,0,0,0,0,0,1,38201895
2000000,4,92,0,0,0,0,0,0,0,1,7680
6000000,4,90,0,0,0,0,0,0,0,1,4859475
50000000,3,137,0,0,0,0,0,0,0,1,35168395
35000000,4,148,0,0,0,0,0,0,0,1,630779
34000000,4,109,0,0,0,0,0,0,0,1,10654581
55000000,4,156,0,0,0,0,0,0,0,1,75530832
55000000,4,121,0,0,0,0,0,0,0,1,16640210
55000000,4,126,0,0,0,0,0,0,0,1,34098563
13000000,4,99,0,0,0,0,0,0,0,1,5871603
80000000,3,113,0,0,0,0,0,0,0,0,91188905
29000000,4,103,0,0,0,0,0,0,0,0,50041732
60000,4,81,0,0,0,0,0,0,0,0,140530114
19000000,4,93,0,0,0,0,0,0,0,0,40846082
12000000,4,99,0,0,0,0,0,0,0,0,21133087
6500000,3,91,0,0,0,0,0,0,0,0,10149779
21000000,4,104,0,0,0,0,0,0,0,0,17757087
5000000,2,82,1,1,1,0,0,0,0,0,9628751
75000000,2,94,1,1,1,0,0,0,0,0,22751979
92000000,3,94,1,1,0,0,1,1,0,0,125305545
55000000,3,110,1,1,0,0,1,0,0,0,56932305
34000000,4,124,1,1,0,0,0,1,0,1,23360779
40000000,4,116,1,1,0,0,0,1,0,0,30199105
140000000,3,130,1,1,0,0,0,0,0,1,182618434
75000000,3,124,1,1,0,0,0,0,0,1,68473360
15000000,4,101,1,1,0,0,0,0,0,0,12801190
44000000,3,119,1,1,0,0,0,0,0,0,21471685
75000000,3,104,1,1,0,0,0,0,0,0,157299717
125000000,3,123,1,1,0,0,0,0,0,0,215397307
65000000,3,130,1,1,0,0,0,0,0,0,90454043
30000000,3,99,1,0,0,0,1,1,0,0,117559438
45000000,3,109,1,0,0,0,1,1,0,0,106807667
1000000,4,82,1,0,0,0,1,0,0,0,12996
600000,3,106,1,0,0,0,0,1,0,1,171988
15000000,3,106,1,0,0,0,0,1,0,1,35007180
40000000,4,102,1,0,0,0,0,1,0,1,14967182
8500000,4,119,1,0,0,0,0,1,0,1,6047856
90000000,3,127,1,0,0,0,0,1,0,0,101643008
25000000,4,115,1,0,0,0,0,1,0,0,55973336
110000000,4,142,1,0,0,0,0,0,0,1,113330342
103000000,4,171,1,0,0,0,0,0,0,1,187670866
65000000,4,135,1,0,0,0,0,0,0,1,32598931
28000000,4,99,1,0,0,0,0,0,0,0,33000377
95000000,4,119,1,0,0,0,0,0,0,0,73209340
82000000,3,123,1,0,0,0,0,0,0,0,34543701
70000000,3,106,1,0,0,0,0,0,0,0,17473245
100000000,1,78,0,1,1,0,1,0,0,0,89296573
76000000,2,92,0,1,1,0,1,0,0,0,26000610
95000000,2,89,0,1,1,0,1,0,0,0,50802661
127500000,2,82,0,1,1,0,0,0,0,0,137748063
60000000,4,152,0,1,0,0,1,0,0,1,32522352
85000000,1,100,0,1,0,0,1,0,0,0,66941559
13000000,2,89,0,1,0,0,1,0,0,0,60008303
90000000,3,143,0,1,0,0,0,0,0,1,233630478
34000000,3,114,0,1,0,0,0,0,0,1,6543194
50000000,4,119,0,1,0,0,0,0,0,1,39778599
15000000,4,90,0,1,0,0,0,0,0,0,26421314
90000000,2,114,0,1,0,0,0,0,0,0,60874615
30000000,1,77,0,0,1,0,1,0,0,1,45542421
36000000,4,95,0,0,0,1,1,0,0,0,2954405
52000000,4,131,0,0,0,1,0,0,0,1,125548685
32000000,4,129,0,0,0,1,0,0,0,1,48814909
6000000,4,122,0,0,0,1,0,0,0,1,8596914
30000000,2,120,0,0,0,1,0,0,0,1,115648585
6000000,3,90,0,0,0,0,1,0,0,0,18621249
55000000,3,108,0,0,0,0,1,0,0,0,166225040
6000000,4,82,0,0,0,0,1,0,0,0,9821335
14000000,4,103,0,0,0,0,1,0,0,0,75078
51000000,4,116,0,0,0,0,1,0,0,0,90567722
9500000,4,98,0,0,0,0,1,0,0,0,57176582
15600000,4,94,0,0,0,0,1,0,0,0,68525609
11000000,4,84,0,0,0,0,1,0,0,0,13592872
18000000,2,94,0,0,0,0,1,1,0,0,17071230
10000000,3,81,0,0,0,0,1,1,0,0,6982680
23000000,3,88,0,0,0,0,1,1,0,0,13019253
24000000,4,98,0,0,0,0,1,1,0,0,57262492
16000000,3,96,0,0,0,0,1,1,0,0,15427192
10000000,4,101,0,0,0,0,1,1,0,0,1631839
3000000,4,115,0,0,0,0,1,0,1,0,38168022
43000000,3,103,0,0,0,0,1,0,0,1,37035515
250000,4,96,0,0,0,0,1,0,0,1,1050600
55000000,4,107,0,0,0,0,1,0,0,1,19389454
60000000,3,125,0,0,0,0,1,0,0,1,75764085
10000000,4,135,0,0,0,0,1,0,0,1,2185266
15000000,4,112,0,0,0,0,1,0,0,1,4734235
45000000,3,107,0,0,0,0,1,0,0,1,60786269
24000000,2,115,0,0,0,0,1,0,0,1,32662299
16000000,3,94,0,0,0,0,1,0,0,1,20627372
9000000,3,91,0,0,0,0,1,0,0,1,20035310
30000000,3,128,0,0,0,0,1,0,0,1,37036404
150000,3,78,0,0,0,0,1,0,0,1,2882062
25000000,3,99,0,0,0,0,1,0,0,1,14983572
15000000,3,94,0,0,0,0,1,0,0,1,8735529
15000000,3,120,0,0,0,0,1,0,0,1,33771174
1000000,4,94,0,0,0,0,1,0,0,1,1744858
123000000,2,110,0,0,0,0,1,0,0,0,260031035
60000000,2,104,0,0,0,0,1,0,0,0,69688384
60000000,2,90,0,0,0,0,1,0,0,0,35231365
80000000,3,90,0,0,0,0,1,0,0,0,39442871
48000000,3,93,0,0,0,0,1,0,0,0,37879996
70000000,3,127,0,0,0,0,1,0,0,0,182805123
8000000,4,92,0,0,0,0,1,0,0,0,5018450
13000000,3,83,0,0,0,0,1,0,0,0,46729374
20000000,3,98,0,0,0,0,1,0,0,0,15464026
1000000,4,100,0,0,0,0,1,0,0,0,428535
3000000,4,82,0,0,0,0,1,0,0,0,4142507
65000000,3,109,0,0,0,0,1,0,0,0,123307945
50000000,4,87,0,0,0,0,1,0,0,0,6291602
10000000,3,98,0,0,0,0,1,0,0,0,68353550
24000000,3,107,0,0,0,0,1,0,0,0,12372410
50000000,3,118,0,0,0,0,1,0,0,0,44737059
7000000,4,102,0,0,0,0,0,1,0,1,15047419
40000000,4,107,0,0,0,0,0,1,0,1,29374178
31000000,3,118,0,0,0,0,0,1,0,1,44983704
24000000,4,115,0,0,0,0,0,1,0,1,882710
8000000,4,120,0,0,0,0,0,1,0,1,16938179
10000000,4,114,0,0,0,0,0,1,0,1,447750
48000000,4,190,0,0,0,0,0,1,0,1,124107476
33000000,4,97,0,0,0,0,0,1,0,0,28927720
43000000,3,136,0,0,0,0,0,0,0,1,51768623
40000000,3,123,0,0,0,0,0,0,0,1,33508922
4500000,4,102,0,0,0,0,0,0,0,1,3609278
225000,4,106,0,0,0,0,0,0,0,1,1027119
1200000,4,111,0,0,0,0,0,0,0,1,9180275
42000,6,90,0,0,0,0,0,0,0,1,241816
5000000,2,95,0,0,0,0,0,0,0,1,34099640
100000000,3,130,0,0,0,0,0,0,0,1,155370362
60000000,3,126,0,0,0,0,0,0,0,1,30695227
80000000,3,145,0,0,0,0,0,0,0,1,34566746
28000000,4,97,0,0,0,0,0,0,0,1,16779636
1800000,3,109,0,0,0,0,0,0,0,1,3050934
500000,4,86,0,0,0,0,0,0,0,1,1114943
18000000,3,115,0,0,0,0,0,0,0,1,17174870
75000000,3,106,0,0,0,0,0,0,0,1,94999143
15000000,3,105,0,0,0,0,0,0,0,1,5217498
24000000,4,90,0,0,0,0,0,0,0,1,5108820
40000000,3,103,0,0,0,0,0,0,0,1,37752931
15000000,3,96,0,0,0,0,0,0,0,1,10494147
15000000,3,124,0,0,0,0,0,0,0,1,27441122
57000000,3,220,0,0,0,0,0,0,0,1,15527125
20000000,4,126,0,0,0,0,0,0,0,1,17804273
40000000,4,116,0,0,0,0,0,0,0,0,89138076
14000000,4,97,0,0,0,0,0,0,0,0,21468807
23000000,4,112,0,0,0,0,0,0,0,0,39235088
65000000,3,91,0,0,0,0,0,0,0,0,14218868
33000000,4,109,0,0,0,0,0,0,0,0,61280963
23000000,4,98,0,0,0,0,0,0,0,0,53302314
9000000,4,113,0,0,0,0,0,0,0,0,25530884
70000000,2,95,1,1,1,0,1,1,0,0,13596911
30000000,1,82,1,1,1,0,1,0,0,0,80920948
120000000,2,95,1,1,1,0,0,0,0,0,84037039
137000000,3,106,1,1,1,0,0,0,0,0,32131830
35000000,2,88,1,1,0,0,1,0,0,0,112692062
3000000,3,81,1,1,0,0,1,0,0,0,3293258
38000000,3,110,1,1,0,0,0,0,0,1,623374
22000000,3,104,1,1,0,0,0,0,0,0,5974653
115000000,3,100,1,1,0,0,0,0,0,0,131144183
98000000,3,130,1,1,0,0,0,0,0,0,202007640
65000000,3,144,1,1,0,0,0,0,0,0,56083966
93000000,3,92,1,1,0,0,0,0,0,0,181166115
100000000,3,119,1,1,0,0,0,0,0,0,180011740
100000000,3,119,1,1,0,0,0,0,0,0,180011740
33000000,4,101,1,0,0,0,1,1,0,1,51758599
35000000,2,94,1,0,0,0,1,1,0,0,33357476
24000000,3,88,1,0,0,0,1,1,0,0,20218
90000000,3,90,1,0,0,0,1,1,0,0,226138454
42000000,4,125,1,0,0,0,1,1,0,0,15738632
60000000,2,87,1,0,0,0,1,0,0,0,93375151
30000000,3,109,1,0,0,0,0,1,0,1,10965209
42000000,4,120,1,0,0,0,0,1,0,1,24375436
38000000,3,106,1,0,0,0,0,1,0,0,144512310
80000000,4,99,1,0,0,0,0,1,0,0,69772969
140000000,3,184,1,0,0,0,0,0,0,1,198539855
72000000,3,116,1,0,0,0,0,0,0,1,32616869
60000000,4,131,1,0,0,0,0,0,0,1,18208078
40000000,3,106,1,0,0,0,0,0,0,1,59068786
28000000,4,98,1,0,0,0,0,0,0,0,8434601
11000000,4,85,1,0,0,0,0,0,0,0,12610731
49000000,3,85,1,0,0,0,0,0,0,0,43905746
35000000,3,94,1,0,0,0,0,0,0,0,13264986
115000000,1,92,0,1,1,0,1,0,0,0,289907418
60000000,2,90,0,1,1,0,1,0,0,0,267652016
7000000,2,113,0,1,0,1,0,0,0,1,4720371
34000000,4,123,0,1,0,0,1,1,0,0,66808615
17700000,3,91,0,1,0,0,1,0,0,1,27087695
50000000,3,95,0,1,0,0,1,0,0,0,33422806
13000000,3,84,0,1,0,0,1,0,0,0,5002310
100000000,3,146,0,1,0,0,0,0,0,1,78616689
23000000,1,82,0,0,1,0,1,0,0,0,36696761
75000000,3,93,0,0,1,0,1,0,0,0,5409517
48000000,3,132,0,0,0,1,1,0,0,1,29781453
30000000,4,124,0,0,0,1,0,1,0,1,52937130
58000000,3,135,0,0,0,1,0,0,0,1,170708996
107000000,4,165,0,0,0,1,0,0,0,1,58183966
30000000,4,108,0,0,0,0,1,0,0,0,145096820
15000000,4,87,0,0,0,0,1,0,0,0,14249005
22000000,4,104,0,0,0,0,1,0,0,0,30059386
16000000,4,99,0,0,0,0,1,0,0,0,37882551
45000000,4,83,0,0,0,0,1,0,0,0,71277420
4000000,4,93,0,0,0,0,1,0,0,0,10097096
11000000,4,95,0,0,0,0,1,0,0,0,13558739
11000000,3,86,0,0,0,0,1,1,0,0,23978402
45000000,3,94,0,0,0,0,1,1,0,0,32095318
80000000,3,123,0,0,0,0,1,1,0,1,41523271
5500000,4,99,0,0,0,0,1,1,0,1,56007
5000000,4,95,0,0,0,0,1,1,0,1,5308707
6000000,4,95,0,0,0,0,1,1,0,1,2025238
12000000,2,91,0,0,0,0,1,1,0,0,17292381
1200000,4,100,0,0,0,0,1,1,0,0,18488314
26000000,3,103,0,0,0,0,1,1,0,0,7496522
35000000,3,123,0,0,0,0,1,1,0,0,40334024
22000000,3,96,0,0,0,0,1,1,0,0,19351569
38000000,2,98,0,0,0,0,1,0,0,1,22770864
7000000,4,111,0,0,0,0,1,0,0,1,6200756
6000000,4,106,0,0,0,0,1,0,0,1,27457409
1500000,4,96,0,0,0,0,1,0,0,1,703
21000000,4,110,0,0,0,0,1,0,0,1,52353636
40000000,3,114,0,0,0,0,1,0,0,1,70836296
6000000,4,95,0,0,0,0,1,0,0,1,3029081
1000000,4,97,0,0,0,0,1,0,0,1,7022940
250000,4,91,0,0,0,0,1,0,0,1,4186931
250000,6,100,0,0,0,0,1,0,0,1,902835
34000000,3,108,0,0,0,0,1,0,0,1,19693891
72000000,2,87,0,0,0,0,1,0,0,0,112950721
37000000,1,111,0,0,0,0,1,0,0,0,108244774
16000000,2,85,0,0,0,0,1,0,0,0,4356743
30000000,3,87,0,0,0,0,1,0,0,0,64172251
12000000,4,93,0,0,0,0,1,0,0,0,31155435
48000000,3,123,0,0,0,0,1,0,0,0,47095453
40000,2,90,0,0,0,0,1,0,0,0,110536
1200000,4,88,0,0,0,0,1,0,0,0,58936
14000000,3,86,0,0,0,0,1,0,0,0,10397365
48000000,3,102,0,0,0,0,1,0,0,0,93607673
22000000,3,87,0,0,0,0,1,0,0,0,11560259
18000000,3,96,0,0,0,0,1,0,0,0,95001351
28000000,3,82,0,0,0,0,1,0,0,0,49968653
23000000,3,97,0,0,0,0,1,0,0,0,27338033
500000,4,98,0,0,0,0,1,0,0,0,295468
25000000,4,95,0,0,0,0,1,0,0,0,5516708
6000000,4,90,0,0,0,0,1,0,0,0,22235901
22000000,3,84,0,0,0,0,1,0,0,0,55762229
11000000,3,89,0,0,0,0,1,0,0,0,13903262
700000,5,97,0,0,0,0,0,1,0,1,1141829
1700000,4,138,0,0,0,0,0,1,0,1,35918429
1000000,3,119,0,0,0,0,0,1,0,1,798341
30000000,3,106,0,0,0,0,0,1,0,1,17951431
50000000,4,113,0,0,0,0,0,1,0,1,54997476
45000000,4,124,0,0,0,0,0,1,0,1,19719930
16000000,4,130,0,0,0,0,0,1,0,1,28734552
60000000,4,104,0,0,0,0,0,1,0,1,74058698
11000000,4,100,0,0,0,0,0,1,0,1,13103828
68000000,4,124,0,0,0,0,0,1,0,1,71069884
45000000,4,122,0,0,0,0,0,1,0,1,76261036
53000000,3,89,0,0,0,0,0,1,0,0,45207112
85000000,3,116,0,0,0,0,0,1,0,0,183405771
22000000,3,132,0,0,0,0,0,0,0,1,40270895
18000000,4,125,0,0,0,0,0,0,0,1,15561627
1500000,4,98,0,0,0,0,0,0,0,1,406035
35000000,4,111,0,0,0,0,0,0,0,1,11405825
4500000,4,104,0,0,0,0,0,0,0,1,3287435
92000000,4,152,0,0,0,0,0,0,0,1,108638745
68000000,4,131,0,0,0,0,0,0,0,1,51396781
14000000,3,84,0,0,0,0,0,0,0,1,3100650
57000000,4,105,0,0,0,0,0,0,0,1,16991902
22000000,3,104,0,0,0,0,0,0,0,1,4273372
13000000,3,112,0,0,0,0,0,0,0,1,91038276
52500000,3,127,0,0,0,0,0,0,0,1,57386369
31000000,3,101,0,0,0,0,0,0,0,1,24185781
48000000,3,120,0,0,0,0,0,0,0,1,50173190
40000000,4,102,0,0,0,0,0,0,0,1,6114237
72000000,2,152,0,0,0,0,0,0,0,1,27796042
14000000,3,135,0,0,0,0,0,0,0,1,16929123
40000000,3,119,0,0,0,0,0,0,0,1,25178165
38000000,4,102,0,0,0,0,0,0,0,1,24044532
4000000,4,112,0,0,0,0,0,0,0,1,31252964
5000000,4,95,0,0,0,0,0,0,0,1,16017403
4500000,4,133,0,0,0,0,0,0,0,1,727883
21000000,3,106,0,0,0,0,0,0,0,1,40219708
18000000,4,109,0,0,0,0,0,0,0,1,13491653
17000000,3,101,0,0,0,0,0,0,0,0,96471845
68000000,4,141,0,0,0,0,0,0,0,0,100614858
20000000,4,91,0,0,0,0,0,0,0,0,41867960
1500000,4,100,0,0,0,0,0,0,0,0,373967
35000000,4,122,0,0,0,0,0,0,0,0,31598308
10000000,4,96,0,0,0,0,0,0,0,0,20384136
5000000,4,90,0,0,0,0,0,0,0,0,6755271
23000000,4,97,0,0,0,0,0,0,0,0,21973182
140000000,3,88,1,1,0,0,1,0,0,0,190418803
38000000,2,100,1,1,0,0,1,0,0,0,85570368
26000000,2,94,1,1,0,0,1,0,0,0,36985501
70000000,3,116,1,1,0,0,1,0,0,0,30157016
70000000,3,97,1,1,0,0,1,0,0,0,33105600
94000000,3,172,1,1,0,0,0,0,0,1,340478898
139000000,3,121,1,1,0,0,0,0,0,0,403706375
115000000,2,142,1,1,0,0,0,0,0,0,310675583
60000000,3,101,1,1,0,0,0,0,0,0,43060566
60000000,3,100,1,1,0,0,0,0,0,0,90341670
80000000,3,96,1,1,0,0,0,0,0,0,56684819
60000000,3,116,1,1,0,0,0,0,0,0,43119879
70000000,3,132,1,1,0,0,0,0,0,0,141204016
10000000,3,81,1,0,0,0,1,0,0,0,16033556
25000000,3,86,1,0,0,0,1,0,0,0,38230435
63000000,3,94,1,0,0,0,1,1,0,0,213079163
14000000,4,95,1,0,0,0,1,1,0,0,25482931
30000000,3,99,1,0,0,0,1,0,0,0,17266505
100000000,3,95,1,0,0,0,1,0,0,0,4411102
60000000,3,98,1,0,0,0,1,0,0,0,50189179
10000000,4,96,1,0,0,0,0,1,0,1,6044618
50000000,4,110,1,0,0,0,0,1,0,1,26199517
20000000,4,94,1,0,0,0,0,1,0,1,12398628
70000000,4,91,1,0,0,0,0,1,0,0,14294842
75000000,4,124,1,0,0,0,0,0,0,1,78120196
20000000,4,107,1,0,0,0,0,0,0,1,1190018
68000000,3,124,1,0,0,0,0,0,0,1,118471320
85000000,4,108,1,0,0,0,0,0,0,1,40048332
115000000,4,153,1,0,0,0,0,0,0,1,40911830
54000000,4,117,1,0,0,0,0,0,0,0,81645152
102000000,3,145,1,0,0,0,0,0,0,0,132014112
60000000,3,119,1,0,0,0,0,0,0,0,121468960
70000000,4,98,1,0,0,0,0,0,0,0,18990542
80000000,2,85,0,1,1,0,1,0,0,1,145771527
14000000,1,82,0,1,1,0,1,0,0,1,25571351
3000000,2,76,0,1,1,0,1,0,0,0,13684949
59000000,2,103,0,1,1,0,1,0,0,0,176387405
120000000,2,77,0,1,1,0,1,0,0,0,64736114
25000000,2,85,0,1,1,0,1,0,0,0,39880476
20000000,1,72,0,1,1,0,0,0,0,0,48423368
140000000,2,95,0,1,1,0,0,0,0,0,38120554
80000000,1,83,0,1,1,0,0,0,0,0,73215310
15000000,2,88,0,1,0,0,1,0,0,0,47811275
15000000,2,88,0,1,0,0,1,0,0,0,47811275
84000000,2,86,0,1,0,0,1,0,0,0,153288182
3500000,4,103,0,1,0,0,0,0,0,1,236266
3000000,4,113,0,0,0,1,1,0,1,0,19184015
52000000,3,141,0,0,0,1,0,1,0,1,164435221
7000000,4,105,0,0,0,1,0,1,0,1,2062066
12500000,3,117,0,0,0,1,0,0,0,1,21078145
12000000,4,123,0,0,0,1,0,0,0,1,25776062
13000000,3,92,0,0,0,0,1,0,0,0,28972187
20000000,4,97,0,0,0,0,1,0,0,0,8586376
12000000,4,93,0,0,0,0,1,0,0,0,10198766
25000000,3,85,0,0,0,0,1,1,0,0,13973532
25000000,3,85,0,0,0,0,1,1,0,0,13973532
60000000,4,96,0,0,0,0,1,1,0,0,32122249
12000000,4,86,0,0,0,0,1,1,0,0,333976
2000000,4,106,0,0,0,0,1,1,0,1,410241
45000000,3,113,0,0,0,0,1,1,0,0,170684505
40000000,3,74,0,0,0,0,1,1,0,0,7262288
5000000,4,87,0,0,0,0,1,0,1,0,64267897
12000000,3,102,0,0,0,0,1,0,0,1,75074950
12000000,3,93,0,0,0,0,1,0,0,1,37188667
3000000,3,90,0,0,0,0,1,0,0,1,5844929
30000000,4,125,0,0,0,0,1,0,0,1,65010106
19000000,4,81,0,0,0,0,1,0,0,1,22245861
20000000,4,85,0,0,0,0,1,0,0,1,32983713
9000000,4,99,0,0,0,0,1,0,0,1,4681503
10000000,4,98,0,0,0,0,1,0,0,1,30306281
12000000,4,104,0,0,0,0,1,0,0,1,1779284
8000000,3,109,0,0,0,0,1,0,0,1,27362712
20000000,3,118,0,0,0,0,1,0,0,1,56398162
500000,2,102,0,0,0,0,1,0,0,1,1250798
55000000,3,105,0,0,0,0,1,0,0,1,93815117
4000000,4,104,0,0,0,0,1,0,0,1,4046737
4000000,4,110,0,0,0,0,1,0,0,1,6525762
15600000,3,91,0,0,0,0,1,0,0,1,13571817
25000000,4,95,0,0,0,0,1,0,0,1,17791031
16000000,2,80,0,0,0,0,1,0,0,0,40363530
60000000,1,104,0,0,0,0,1,0,0,0,139225854
30000000,2,99,0,0,0,0,1,0,0,0,51432423
35000000,1,88,0,0,0,0,1,0,0,0,16988996
5000000,2,95,0,0,0,0,1,0,0,0,241437427
15000000,4,94,0,0,0,0,1,0,0,0,30259652
16000000,3,112,0,0,0,0,1,0,0,0,4839383
40000000,3,103,0,0,0,0,1,0,0,0,14448589
50000000,3,96,0,0,0,0,1,0,0,0,126203320
38000000,3,108,0,0,0,0,1,0,0,0,127214072
60000000,3,101,0,0,0,0,1,0,0,0,93307796
17000000,4,96,0,0,0,0,1,0,0,0,37939782
2000000,4,101,0,0,0,0,1,0,0,0,2506446
43000000,4,90,0,0,0,0,1,0,0,0,24430272
100000000,4,216,0,0,0,0,0,1,0,1,77679638
22000000,4,100,0,0,0,0,0,1,0,1,121972
42000000,3,115,0,0,0,0,0,1,0,1,41543207
60000000,4,108,0,0,0,0,0,1,0,1,22433915
7500000,4,105,0,0,0,0,0,1,0,1,10460089
18000000,4,103,0,0,0,0,0,1,0,1,676698
250000,4,98,0,0,0,0,0,1,0,1,3799339
15000000,4,118,0,0,0,0,0,1,0,1,9059588
38000000,3,115,0,0,0,0,0,1,0,1,39177215
36000000,3,116,0,0,0,0,0,1,0,1,71026631
17500000,4,116,0,0,0,0,0,1,0,1,325491
500000,4,91,0,0,0,0,0,1,0,1,243347
48000000,4,112,0,0,0,0,0,1,0,1,95308367
80000000,4,117,0,0,0,0,0,1,0,1,104054514
50000000,4,115,0,0,0,0,0,1,0,0,31874869
13000000,4,81,0,0,0,0,0,1,0,0,46563158
1500000,2,91,0,0,0,0,0,0,0,1,119841
27000000,3,116,0,0,0,0,0,0,0,1,69586544
12500000,3,109,0,0,0,0,0,0,0,1,14060950
16000000,3,109,0,0,0,0,0,0,0,1,16346122
15000000,4,108,0,0,0,0,0,0,0,1,13060843
1000000,4,88,0,0,0,0,0,0,0,1,464126
750000,4,88,0,0,0,0,0,0,0,1,47329
15000000,2,90,0,0,0,0,0,0,0,1,19158074
20000000,1,127,0,0,0,0,0,0,0,1,75597042
35000000,4,101,0,0,0,0,0,0,0,1,30307804
60000000,3,104,0,0,0,0,0,0,0,1,30063805
825000,2,95,0,0,0,0,0,0,0,1,15278
500000,4,93,0,0,0,0,0,0,0,1,145540
32000000,3,119,0,0,0,0,0,0,0,1,35228696
41000000,4,110,0,0,0,0,0,0,0,1,116724075
25000000,3,99,0,0,0,0,0,0,0,1,10719367
46000000,4,118,0,0,0,0,0,0,0,1,67263182
11000000,2,101,0,0,0,0,0,0,0,1,41227069
13500000,3,107,0,0,0,0,0,0,0,1,15854988
21000000,3,112,0,0,0,0,0,0,0,1,6830957
5600000,3,141,0,0,0,0,0,0,0,1,3064356
25000000,3,114,0,0,0,0,0,0,0,1,41597830
5000000,4,93,0,0,0,0,0,0,0,1,14015786
30000000,3,104,0,0,0,0,0,0,0,1,40118420
72000000,3,106,0,0,0,0,0,0,0,1,227965690
500000,4,112,0,0,0,0,0,0,0,1,13134
8500000,3,85,0,0,0,0,0,0,0,1,28563926
45000000,4,91,0,0,0,0,0,0,0,1,66790248
12000000,4,96,0,0,0,0,0,0,0,1,31597131
4000000,4,99,0,0,0,0,0,0,0,1,562059
50000000,4,124,0,0,0,0,0,0,0,1,52752475
60000000,4,125,0,0,0,0,0,0,0,1,19076815
10600000,3,103,0,0,0,0,0,0,0,0,22160085
35000000,4,91,0,0,0,0,0,0,0,0,30079316
17000000,3,89,0,0,0,0,0,0,0,0,12693621
30000000,4,111,1,0,0,0,0,0,0,0,70098138
50000000,3,114,1,1,0,0,1,0,0,0,60470220
60000000,2,89,1,1,0,0,1,1,0,0,66734992
120000000,3,107,1,1,0,0,1,1,0,0,100685880
26000000,2,102,1,1,0,0,1,1,0,0,47285499
38000000,2,84,1,1,0,0,1,0,0,0,111760631
85000000,3,104,1,1,0,0,1,0,0,0,47592825
80000000,3,117,1,1,0,0,0,1,0,0,116643346
94000000,3,192,1,1,0,0,0,0,0,1,377019252
150000000,3,138,1,1,0,0,0,0,0,1,93926386
780000,3,90,1,1,0,0,0,0,0,1,1310270
95000000,3,117,1,1,0,0,0,0,0,0,65653758
140000000,3,143,1,1,0,0,0,0,0,0,305388685
78000000,3,110,1,1,0,0,0,0,0,0,66462600
80000000,3,116,1,1,0,0,0,0,0,0,19480739
60000000,3,135,1,1,0,0,0,0,0,0,31111260
75000000,3,116,1,0,0,0,1,1,0,0,30013346
130000000,4,147,1,0,0,0,1,1,0,0,138396624
52000000,3,104,1,0,0,0,1,0,0,0,23020488
36000000,4,109,1,0,0,0,0,1,0,1,26183197
30000000,4,101,1,0,0,0,0,1,0,1,34604054
55000000,4,94,1,0,0,0,0,1,0,1,34238611
76000000,3,107,1,0,0,0,0,1,0,0,127083765
60000000,3,111,1,0,0,0,0,1,0,0,106126012
29000000,4,102,1,0,0,0,0,1,0,0,55845943
140000000,4,154,1,0,0,0,0,0,0,1,111110575
70000000,4,142,1,0,0,0,0,0,0,1,43426961
30000000,4,97,1,0,0,0,0,0,0,0,82163317
60000000,3,119,1,0,0,0,0,0,0,0,53789313
38000000,4,102,1,0,0,0,0,0,0,0,7659747
137000000,3,138,1,0,0,0,0,0,0,0,132122995
200000000,4,109,1,0,0,0,0,0,0,0,150350192
150000000,4,138,1,0,0,0,0,0,0,0,281492479
2000000,3,120,0,1,0,0,0,0,0,0,1098224
60000000,2,85,0,1,1,0,1,0,0,1,26288320
94000000,1,100,0,1,1,0,1,0,0,0,380838870
25000000,2,80,0,1,1,0,1,0,0,0,39399750
20000000,1,72,0,1,1,0,0,0,0,0,47887943
500000,4,79,0,1,0,1,0,0,0,1,30500882
20000000,2,117,0,1,0,0,1,0,0,1,67325559
109000000,2,82,0,1,0,0,1,0,0,0,100446895
17000000,2,94,0,1,0,0,1,0,0,0,42672630
70000000,3,125,0,1,0,0,0,0,0,1,66257002
79000000,4,154,0,1,0,0,0,0,0,1,95632614
35000000,4,127,0,1,0,0,0,0,0,1,4426297
4500000,4,109,0,0,0,1,0,1,0,1,34468224
5000000,4,98,0,0,0,1,0,1,0,1,296665
218,6,88,0,0,0,1,0,0,1,0,592014
35000000,2,109,0,0,0,1,0,0,0,1,52277485
33000000,3,105,0,0,0,0,1,0,0,0,132541238
17000000,3,98,0,0,0,0,1,0,0,0,22734486
19000000,3,85,0,0,0,0,1,0,0,0,26096584
40000000,3,89,0,0,0,0,1,0,0,0,9652000
35200000,3,95,0,0,0,0,1,0,0,0,37788228
45000000,3,95,0,0,0,0,1,0,0,0,89808372
48000000,3,84,0,0,0,0,1,0,0,0,110000082
55000000,3,118,0,0,0,0,1,0,0,0,33828318
24000000,4,88,0,0,0,0,1,0,0,0,74608545
1000000,4,87,0,0,0,0,1,0,0,0,19539
16000000,3,86,0,0,0,0,1,1,0,0,34308901
18000000,4,98,0,0,0,0,1,1,0,1,60057639
500000,2,101,0,0,0,0,1,1,0,0,1111615
8000000,4,109,0,0,0,0,1,1,0,0,336456
60000000,3,100,0,0,0,0,1,1,0,0,35096190
54000000,4,121,0,0,0,0,1,1,0,0,5660084
3000000,4,89,0,0,0,0,1,0,1,0,2223990
81000000,3,101,0,0,0,0,1,0,0,1,242589580
300000,3,80,0,0,0,0,1,0,0,1,2360184
500000,4,89,0,0,0,0,1,0,0,1,5739376
30000000,2,111,0,0,0,0,1,0,0,1,41407470
17000000,2,87,0,0,0,0,1,0,0,1,37566230
20000000,2,105,0,0,0,0,1,0,0,1,35990505
16000000,3,101,0,0,0,0,1,0,0,1,14108518
80000000,3,128,0,0,0,0,1,0,0,1,124590960
1000000,3,79,0,0,0,0,1,0,0,1,279282
18000000,3,113,0,0,0,0,1,0,0,1,43601508
850000,4,107,0,0,0,0,1,0,0,1,819939
40000000,2,94,0,0,0,0,1,0,0,0,138614544
60000000,2,92,0,0,0,0,1,0,0,0,104148781
90000000,2,88,0,0,0,0,1,0,0,0,75817994
26000000,2,97,0,0,0,0,1,0,0,0,110222438
33000000,2,97,0,0,0,0,1,0,0,0,173381405
35000000,3,108,0,0,0,0,1,0,0,0,81257845
20000000,4,80,0,0,0,0,1,0,0,0,1646664
12000000,2,90,0,0,0,0,1,0,0,0,4922166
20000000,3,101,0,0,0,0,1,0,0,0,15408822
30000000,3,96,0,0,0,0,1,0,0,0,14208384
50000000,3,116,0,0,0,0,1,0,0,0,105807520
18000000,3,95,0,0,0,0,1,0,0,0,56127162
14000000,3,90,0,0,0,0,1,0,0,0,15549702
55000000,4,74,0,0,0,0,1,0,0,0,104354205
18000000,4,108,0,0,0,0,1,0,0,0,3203044
3200000,4,101,0,0,0,0,0,1,0,1,8243880
25000000,4,138,0,0,0,0,0,1,0,1,90135191
5000000,4,104,0,0,0,0,0,1,0,1,1056102
50000000,4,114,0,0,0,0,0,1,0,1,40905277
50000000,4,130,0,0,0,0,0,1,0,1,19593740
15000000,4,97,0,0,0,0,0,1,0,0,12212417
6800000,4,101,0,0,0,0,0,1,0,0,10696
8000000,4,96,0,0,0,0,0,0,1,0,3713002
10000000,6,93,0,0,0,0,0,0,0,1,365734
65000000,3,117,0,0,0,0,0,0,0,1,63695760
20000000,4,124,0,0,0,0,0,0,0,1,16248701
15000000,4,126,0,0,0,0,0,0,0,1,13005485
4000000,4,101,0,0,0,0,0,0,0,1,44566004
1500000,4,100,0,0,0,0,0,0,0,1,4599680
1900000,3,103,0,0,0,0,0,0,0,1,1420578
6000000,3,99,0,0,0,0,0,0,0,1,2207975
87000000,3,140,0,0,0,0,0,0,0,1,120147445
56000000,3,280,0,0,0,0,0,0,0,1,12870569
68000000,4,136,0,0,0,0,0,0,0,1,33685268
25000000,3,94,0,0,0,0,0,0,0,1,30222640
1650000,4,111,0,0,0,0,0,0,0,1,2580
2500000,4,108,0,0,0,0,0,0,0,1,548712
22000000,4,139,0,0,0,0,0,0,0,1,58328680
7000000,4,105,0,0,0,0,0,0,0,0,12583510
17000000,4,104,0,0,0,0,0,0,0,0,35143332
11000000,3,96,0,0,0,0,0,0,0,0,32131483
40000000,4,98,0,0,0,0,0,0,0,0,59588068
26000000,4,90,0,0,0,0,0,0,0,0,46455802
12600000,4,84,0,0,0,0,0,0,0,0,15417771
30000000,4,91,0,0,0,0,0,0,0,0,51475962
92000000,2,115,1,1,1,0,0,0,0,0,261437578
110000000,2,120,1,1,0,0,1,0,0,0,24004159
100000000,2,131,1,1,0,0,1,0,0,0,173005002
26000000,2,100,1,1,0,0,1,0,0,0,23222861
45000000,3,113,1,1,0,0,0,0,0,1,21009180
65000000,4,122,1,1,0,0,0,0,0,0,52397389
200000000,3,135,1,1,0,0,0,0,0,0,373377893
25000000,3,97,1,1,0,0,0,0,0,0,31526393
70000000,2,106,1,1,0,0,0,0,0,0,37760080
105000000,3,134,1,1,0,0,0,0,0,0,57637485
125000000,3,124,1,1,0,0,0,0,0,0,186739919
100000000,3,136,1,1,0,0,0,0,0,0,67286731
30000000,4,98,1,0,0,0,1,0,0,0,32774834
40000000,3,84,1,0,0,0,1,1,0,0,21176322
58000000,3,97,1,0,0,0,1,1,0,1,28328132
3500000,3,91,1,0,0,0,1,0,0,0,96793
56000000,3,86,1,0,0,0,0,1,0,0,45860039
20000000,3,84,1,0,0,0,0,1,0,1,15712072
30000000,4,137,1,0,0,0,0,1,0,1,66207920
70000000,4,146,1,0,0,0,0,1,0,1,77862546
33000000,4,140,1,0,0,0,0,1,0,1,33682273
100000000,3,87,1,0,0,0,0,1,0,0,40198710
25000000,3,94,1,0,0,0,0,1,0,0,32003620
55000000,3,115,1,0,0,0,0,0,0,1,74540762
66000000,3,132,1,0,0,0,0,0,0,0,59035104
60000000,3,109,1,0,0,0,0,0,0,0,80281096
26000000,4,110,1,0,0,0,0,0,0,0,58885635
120000000,3,115,1,0,0,0,0,0,0,0,144795350
75000000,3,108,1,0,0,0,0,0,0,0,176049130
175000000,4,196,0,1,0,0,0,0,0,0,133228348
75000000,2,90,0,1,1,0,1,0,0,0,160762022
30000000,2,87,0,1,1,0,1,0,0,0,85416609
150000000,2,93,0,1,1,0,1,0,0,0,436471036
165000000,1,100,0,1,1,0,0,0,0,0,665426
9000000,4,88,0,1,0,0,1,0,0,0,18225165
50000000,4,119,0,1,0,0,1,0,0,1,24006726
12000000,4,126,0,1,0,0,1,0,0,1,71502303
80000000,2,93,0,1,0,0,1,0,0,0,84185387
19000000,3,95,0,1,0,0,1,0,0,0,58156435
35000000,2,80,0,0,1,0,1,0,0,0,75367693
10000000,2,74,0,0,1,0,1,0,0,0,6491350
110000000,2,76,0,0,1,0,1,0,0,0,50026353
110000000,3,170,0,0,0,1,0,0,0,1,102608827
11000000,4,118,0,0,0,1,0,0,0,1,10214647
25000000,2,101,0,0,0,1,0,0,0,1,51676606
28000000,2,135,0,0,0,1,0,0,0,1,64371181
40000000,3,178,0,0,0,1,0,0,0,1,75305995
23000000,3,118,0,0,0,1,0,0,0,1,6144806
20000000,3,125,0,0,0,1,0,0,0,1,13337299
39000000,3,110,0,0,0,1,0,0,0,1,5881504
400000,2,92,0,0,0,0,1,0,0,0,44540956
26000000,3,98,0,0,0,0,1,0,0,0,84136909
40000000,3,99,0,0,0,0,1,0,0,0,12181484
12000000,3,97,0,0,0,0,1,0,0,0,31179516
17000000,3,97,0,0,0,0,1,0,0,0,86049418
25000000,4,93,0,0,0,0,1,0,0,0,17718223
22000000,4,107,0,0,0,0,1,0,0,0,12784713
16000000,4,92,0,0,0,0,1,0,0,0,13922211
18000000,2,91,0,0,0,0,1,1,0,0,16702864
60000000,3,101,0,0,0,0,1,1,0,0,88200225
50000000,3,88,0,0,0,0,1,1,0,0,6471394
37000000,3,109,0,0,0,0,1,1,0,0,69148997
30000000,2,91,0,0,0,0,1,1,0,0,14018364
20000000,3,108,0,0,0,0,1,1,0,0,8054280
40000000,3,98,0,0,0,0,1,1,0,0,16323969
35000000,4,104,0,0,0,0,1,1,0,0,39692139
65000,2,100,0,0,0,0,1,0,1,1,11529368
18000000,3,106,0,0,0,0,1,0,0,1,64955956
6000000,3,96,0,0,0,0,1,0,0,1,371081
5000000,3,92,0,0,0,0,1,0,0,1,8786715
60000000,3,128,0,0,0,0,1,0,0,1,77032279
6500000,4,85,0,0,0,0,1,0,0,1,70527
4000000,4,111,0,0,0,0,1,0,0,1,228524
26000000,3,109,0,0,0,0,1,0,0,1,45489752
35000000,3,102,0,0,0,0,1,0,0,1,25266129
35000000,3,105,0,0,0,0,1,0,0,1,20422207
50000000,3,119,0,0,0,0,1,0,0,1,37486138
50000000,3,106,0,0,0,0,1,0,0,1,57887882
80000000,3,131,0,0,0,0,1,0,0,1,42044321
2500000,4,102,0,0,0,0,1,0,0,1,26781723
25000000,4,110,0,0,0,0,1,0,0,1,14589444
30000000,3,104,0,0,0,0,1,0,0,1,21800302
60000000,2,99,0,0,0,0,1,0,0,0,73701902
35000000,2,96,0,0,0,0,1,0,0,0,22913677
26000000,2,93,0,0,0,0,1,0,0,0,48114556
40000000,1,113,0,0,0,0,1,0,0,0,95149435
20000000,2,95,0,0,0,0,1,0,0,0,51431160
37000000,3,98,0,0,0,0,1,0,0,0,56044241
8550000,4,119,0,0,0,0,1,0,0,0,4992159
10000000,2,89,0,0,0,0,1,0,0,0,8070311
75000000,3,99,0,0,0,0,1,0,0,0,120776832
42000000,3,90,0,0,0,0,1,0,0,0,87856565
23000000,3,101,0,0,0,0,1,0,0,0,12189514
23000000,3,101,0,0,0,0,1,0,0,0,12189514
80000000,3,106,0,0,0,0,1,0,0,0,279167575
26000000,3,110,0,0,0,0,1,0,0,0,14469428
24000000,3,95,0,0,0,0,1,0,0,0,16964743
90000000,3,93,0,0,0,0,1,0,0,0,59475623
20000000,3,92,0,0,0,0,1,0,0,0,114324072
500000,4,90,0,0,0,0,0,1,0,1,603943
27000000,4,99,0,0,0,0,0,1,0,1,8712564
65000000,4,120,0,0,0,0,0,1,0,1,100003492
27000000,4,101,0,0,0,0,0,1,0,0,4476235
110000000,3,125,0,0,0,0,0,1,0,0,125531634
1100,2,90,0,0,0,0,0,0,1,0,85222
200000,6,85,0,0,0,0,0,0,1,0,381225
6000000,4,122,0,0,0,0,0,0,1,1,119078393
23000000,3,141,0,0,0,0,0,0,0,1,16123851
30000000,4,120,0,0,0,0,0,0,0,1,499263
20000000,4,108,0,0,0,0,0,0,0,1,34126138
107000000,3,137,0,0,0,0,0,0,0,1,22406362
25000000,3,102,0,0,0,0,0,0,0,1,14334645
8000000,3,95,0,0,0,0,0,0,0,1,40066497
60000000,3,108,0,0,0,0,0,0,0,1,114195633
30000000,3,114,0,0,0,0,0,0,0,1,12831121
20000000,4,100,0,0,0,0,0,0,0,1,5005883
80000000,4,129,0,0,0,0,0,0,0,1,65948711
150000,4,78,0,0,0,0,0,0,0,1,191309
7500000,2,118,0,0,0,0,0,0,0,1,3347439
29000000,3,123,0,0,0,0,0,0,0,1,64286
6500000,4,97,0,0,0,0,0,0,0,1,1029017
2700000,4,80,0,0,0,0,0,0,0,1,5792822
27000000,4,98,0,0,0,0,0,0,0,1,33987757
18000000,4,131,0,0,0,0,0,0,0,1,3752725
7000,3,77,0,0,0,0,0,0,0,1,424760
30000000,3,132,0,0,0,0,0,0,0,1,100422786
200000,4,109,0,0,0,0,0,0,0,1,5199
15000000,2,103,0,0,0,0,0,0,0,0,10411980
10000000,3,98,0,0,0,0,0,0,0,0,110175871
50000000,4,125,0,0,0,0,0,0,0,0,41814863
1200000,4,103,0,0,0,0,0,0,0,0,55153403
40000000,3,96,0,0,0,0,0,0,0,0,47781388
13000000,4,120,0,0,0,0,0,0,0,0,23947
150000000,3,128,1,1,0,0,0,0,0,0,205343774
50000000,3,107,1,1,0,0,1,0,0,0,80270227
65000000,2,101,1,1,0,0,1,0,0,0,28045540
88000000,3,118,1,1,0,0,1,0,0,0,37899638
50000000,3,110,1,1,0,0,0,1,0,0,18472363
87000000,3,101,1,1,0,0,0,1,0,0,26082914
130000000,4,194,1,1,0,0,0,0,0,1,47396698
50000000,2,93,1,1,0,0,0,0,0,0,39177541
25000000,4,92,1,1,0,0,0,0,0,0,1550000
113000000,3,140,1,1,0,0,0,0,0,0,380262555
126000000,3,136,1,1,0,0,0,0,0,0,35799026
40000000,3,119,1,1,0,0,0,0,0,0,25335935
135000000,3,121,1,1,0,0,0,0,0,0,31704416
75000000,2,129,1,1,0,0,0,0,0,0,45356386
17500000,2,80,1,0,0,0,1,1,0,0,51053787
40000000,3,100,1,0,0,0,1,0,0,0,19118247
45000000,3,115,1,0,0,0,1,1,0,0,48472213
25000000,3,95,1,0,0,0,1,1,0,1,5654777
120000000,3,126,1,0,0,0,1,1,0,0,186336103
45000000,4,109,1,0,0,0,0,1,0,1,74484168
52000000,4,113,1,0,0,0,0,1,0,1,34636443
20000000,4,109,1,0,0,0,0,1,0,1,19976073
2000000,4,116,1,0,0,0,0,1,0,1,3335839
54000000,4,132,1,0,0,0,0,0,0,1,70496802
80000000,4,132,1,0,0,0,0,0,0,1,10166502
62000000,3,93,1,0,0,0,0,0,0,0,25857987
75000000,2,86,0,1,1,0,1,0,0,0,193136719
150000000,1,81,0,1,1,0,1,0,0,0,135381507
75000000,2,91,0,1,1,0,1,0,0,0,128200012
1000000,4,103,0,1,0,0,1,0,0,1,9013113
60000000,2,94,0,1,0,0,1,0,0,0,82569532
150000000,2,115,0,1,0,0,1,0,0,0,206456431
50000000,1,101,0,1,0,0,1,0,0,0,66002004
32000000,2,95,0,1,0,0,1,0,0,0,82301521
35000000,2,100,0,1,0,0,1,0,0,0,63939454
50000000,2,109,0,1,0,0,1,0,0,0,51019112
10000000,3,108,0,1,0,0,0,0,0,1,11703287
12000000,2,100,0,1,0,0,0,0,0,1,860002
180000000,2,150,0,1,0,0,0,0,0,0,291709845
30000000,3,93,0,1,0,0,0,0,0,0,14888028
132000000,3,116,0,1,0,0,0,0,0,0,234277056
40000000,2,77,0,0,1,0,0,0,0,1,53337608
20000000,1,68,0,0,1,0,0,0,0,0,18081626
40000000,4,117,0,0,0,1,0,1,0,1,30981850
2000000,5,89,0,0,0,1,0,0,1,0,653621
7500000,2,93,0,0,0,1,0,0,0,1,31501218
30000000,3,150,0,0,0,1,0,0,0,1,12712093
28000000,3,153,0,0,0,1,0,0,0,1,119518352
88000000,3,144,0,0,0,1,0,0,0,1,61644321
25000000,3,107,0,0,0,1,0,0,0,1,11008432
22000000,4,83,0,0,0,0,1,0,0,0,22264487
3000000,4,94,0,0,0,0,1,0,0,0,16101109
100000000,3,90,0,0,0,0,1,1,0,0,110332737
15000000,3,95,0,0,0,0,1,1,0,0,4006906
10000000,4,96,0,0,0,0,1,1,0,1,12570442
53000000,3,118,0,0,0,0,1,1,0,0,55808744
15000000,4,103,0,0,0,0,1,1,0,0,4235837
82000000,3,113,0,0,0,0,1,1,0,0,158115031
3000000,4,100,0,0,0,0,1,0,1,0,11694528
1500000,3,90,0,0,0,0,1,0,0,1,92362
500000,4,91,0,0,0,0,1,0,0,1,154077
2000000,4,91,0,0,0,0,1,0,0,1,3885134
6500000,4,92,0,0,0,0,1,0,0,1,24792061
6800000,4,108,0,0,0,0,1,0,0,1,49526
1500000,4,88,0,0,0,0,1,0,0,1,7362100
9000000,4,118,0,0,0,0,1,0,0,1,18761993
22000000,4,102,0,0,0,0,1,0,0,1,12469811
4000000,4,96,0,0,0,0,1,0,0,1,1325073
3500000,4,98,0,0,0,0,1,0,0,1,101228
14000000,2,106,0,0,0,0,1,0,0,1,32645546
25000000,2,119,0,0,0,0,1,0,0,1,39008741
30000000,3,107,0,0,0,0,1,0,0,1,21835784
5500000,3,116,0,0,0,0,1,0,0,1,50382128
57000000,3,123,0,0,0,0,1,0,0,1,26838389
17000000,3,103,0,0,0,0,1,0,0,1,6061759
8000000,3,99,0,0,0,0,1,0,0,1,127144
15000,4,85,0,0,0,0,1,0,0,1,192467
9000000,4,103,0,0,0,0,1,0,0,1,1530535
30000000,3,104,0,0,0,0,1,0,0,1,42071069
25000000,2,97,0,0,0,0,1,0,0,0,47124400
84000000,2,94,0,0,0,0,1,0,0,0,17010646
25000000,2,100,0,0,0,0,1,0,0,0,16247775
45000000,2,95,0,0,0,0,1,0,0,0,52580895
58000000,3,95,0,0,0,0,1,0,0,0,48291624
35000000,3,99,0,0,0,0,1,0,0,0,19294901
45000000,3,134,0,0,0,0,1,0,0,0,19377727
35000000,3,105,0,0,0,0,1,0,0,0,67962333
70000000,3,118,0,0,0,0,1,0,0,0,177575142
30000000,3,98,0,0,0,0,1,0,0,0,43894863
15000000,3,90,0,0,0,0,1,0,0,0,31585300
1500000,4,105,0,0,0,0,1,0,0,0,3123749
26000000,4,133,0,0,0,0,1,0,0,0,109243478
8000000,4,116,0,0,0,0,0,1,0,1,22201636
32000000,4,96,0,0,0,0,0,1,0,1,31493782
950000,4,104,0,0,0,0,0,1,0,1,1007962
50000000,4,122,0,0,0,0,0,1,0,1,24127895
7000000,4,109,0,0,0,0,0,1,0,0,16901126
40000000,4,147,0,0,0,0,0,1,0,0,74098862
1750211,4,88,0,0,0,0,0,0,1,0,1523883
30000000,3,108,0,0,0,0,0,0,0,1,8535575
35000000,4,126,0,0,0,0,0,0,0,1,18324242
1500000,4,112,0,0,0,0,0,0,0,1,712294
32000000,2,98,0,0,0,0,0,0,0,1,32701088
20000000,2,101,0,0,0,0,0,0,0,1,375474
20000000,3,89,0,0,0,0,0,0,0,1,46363118
1000000,3,90,0,0,0,0,0,0,0,1,10042266
30000000,4,101,0,0,0,0,0,0,0,1,51097664
19000000,4,90,0,0,0,0,0,0,0,1,64255243
30000000,3,103,0,0,0,0,0,0,0,1,25472967
20000000,3,122,0,0,0,0,0,0,0,1,75072454
40000000,3,135,0,0,0,0,0,0,0,1,29077547
29000000,4,94,0,0,0,0,0,0,0,1,6301131
55000000,3,98,0,0,0,0,0,0,0,1,89706988
15500000,4,93,0,0,0,0,0,0,0,1,1181197
85000000,3,145,0,0,0,0,0,0,0,1,57010853
14000000,4,134,0,0,0,0,0,0,0,1,83025853
9600000,4,144,0,0,0,0,0,0,0,1,2483955
10000000,3,118,0,0,0,0,0,0,0,1,4280577
8000000,4,108,0,0,0,0,0,0,0,1,568695
30000000,3,136,0,0,0,0,0,0,0,1,67253092
22000000,4,112,0,0,0,0,0,0,0,1,36020063
10000000,4,82,0,0,0,0,0,0,0,1,131617
50000000,4,128,0,0,0,0,0,0,0,1,50815288
900000,4,91,0,0,0,0,0,0,0,1,381186
6500000,3,100,0,0,0,0,0,0,0,1,2024854
4800000,4,93,0,0,0,0,0,0,0,0,47277326
4000000,4,95,0,0,0,0,0,0,0,0,87025093
43000000,3,104,0,0,0,0,0,0,0,0,47806295
26000000,3,85,0,0,0,0,0,0,0,0,57859105
21000000,3,87,1,1,0,0,0,0,0,0,480314
80000000,2,115,1,1,1,0,1,0,0,0,195329763
110000000,2,108,1,1,0,0,1,0,0,0,250863268
160000000,3,98,1,1,0,0,0,0,0,1,60655503
40000000,4,139,1,1,0,0,0,0,0,1,50859889
100000000,2,104,1,1,0,0,0,0,0,0,75030163
35000000,2,83,1,1,0,0,0,0,0,0,11631245
225000000,3,151,1,1,0,0,0,0,0,0,423032628
50000000,4,102,1,1,0,0,0,0,0,0,62318875
209000000,3,169,1,1,0,0,0,0,0,0,200069408
150000000,3,124,1,1,0,0,0,0,0,0,133382309
73000000,3,122,1,0,0,0,1,0,0,0,148213377
85000000,3,104,1,0,0,0,0,1,0,0,62494975
60000000,3,107,1,0,0,0,0,1,0,0,36279230
12000000,4,93,1,0,0,0,0,1,0,0,27829874
65000000,4,117,1,0,0,0,0,0,0,1,210592590
20000000,3,92,1,0,0,0,0,0,0,1,18843314
20000000,3,97,1,0,0,0,0,0,0,0,23292105
30000000,3,94,1,0,0,0,0,0,0,0,18500966
5600000,3,95,1,0,0,0,0,0,0,0,7009668
50000000,1,78,0,1,1,0,1,0,0,0,58336565
85000000,2,83,0,1,1,0,1,0,0,0,84303558
80000000,2,83,0,1,1,0,1,0,0,0,155019340
20000000,1,77,0,1,1,0,1,0,0,0,7382993
47000000,2,75,0,1,1,0,1,0,0,0,15519841
50000000,2,88,0,1,1,0,1,0,0,0,28133159
120000000,1,117,0,1,1,0,1,0,0,0,244052771
10000000,3,120,0,1,0,1,0,0,0,1,5484375
65000000,2,93,0,1,0,0,1,1,0,0,82226474
45000000,3,112,0,1,0,0,1,0,0,1,38360195
15000000,2,91,0,1,0,0,1,0,0,0,8080116
26000000,2,90,0,1,0,0,1,0,0,0,16647384
40000000,2,120,0,1,0,0,0,0,0,1,81593527
15000000,2,95,0,1,0,0,0,0,0,1,20998709
13000000,2,104,0,1,0,0,0,0,0,1,10996440
75000000,2,91,0,0,1,0,1,0,0,0,73661010
100000000,2,108,0,0,1,0,1,0,0,0,197992827
8700000,4,100,0,0,1,0,0,0,0,1,5480996
13000000,4,118,0,0,0,1,0,1,0,1,1150403
55000000,3,117,0,0,0,1,0,0,0,1,162586036
7000000,4,99,0,0,0,1,0,0,0,1,1654367
20000000,2,123,0,0,0,1,0,0,0,1,13391174
40000000,3,123,0,0,0,1,0,0,0,1,15962471
11000000,3,104,0,0,0,1,0,0,0,1,352786
16800000,4,122,0,0,0,1,0,0,0,1,220914
12000000,3,86,0,0,0,0,1,0,0,0,5542025
3000000,3,99,0,0,0,0,1,0,0,0,7059537
45000000,3,89,0,0,0,0,1,0,0,0,90703745
20000000,3,108,0,0,0,0,1,0,0,0,17803796
17500000,4,110,0,0,0,0,1,0,0,0,19179969
18000000,4,82,0,0,0,0,1,0,0,0,128505958
5000000,4,97,0,0,0,0,1,0,0,0,24138847
40000000,3,99,0,0,0,0,1,1,0,0,70163652
64000000,3,98,0,0,0,0,1,1,0,0,58255287
8000000,4,101,0,0,0,0,1,0,0,1,59889948
12000000,4,122,0,0,0,0,1,0,0,1,6754898
25000000,4,116,0,0,0,0,1,0,0,1,7156933
2500000,3,100,0,0,0,0,1,0,0,1,71904
70000000,3,107,0,0,0,0,1,0,0,1,137340146
38000000,3,113,0,0,0,0,1,0,0,1,40137776
1000000,4,88,0,0,0,0,1,0,0,1,104077
10000000,3,105,0,0,0,0,1,0,0,1,20338609
35000000,3,117,0,0,0,0,1,0,0,1,7458269
6000000,3,107,0,0,0,0,1,0,0,1,63231524
52000000,3,106,0,0,0,0,1,0,0,1,118683135
35000000,3,109,0,0,0,0,1,0,0,1,124732962
6500000,4,88,0,0,0,0,1,0,0,1,13367101
2000000,6,101,0,0,0,0,1,0,0,1,1984378
20000000,3,115,0,0,0,0,1,0,0,1,37442180
1000000,4,81,0,0,0,0,1,0,0,1,6387
50000000,2,98,0,0,0,0,1,0,0,0,61112916
12000000,2,104,0,0,0,0,1,0,0,0,18595716
28000000,3,103,0,0,0,0,1,0,0,0,17324744
500000,6,103,0,0,0,0,1,0,0,0,23000
19000000,3,107,0,0,0,0,1,0,0,0,7156725
20000000,3,85,0,0,0,0,1,0,0,0,48546578
12000000,3,103,0,0,0,0,1,0,0,0,28435406
50000000,3,95,0,0,0,0,1,0,0,0,88658172
4000000,3,89,0,0,0,0,1,0,0,0,15655665
20000000,3,105,0,0,0,0,1,0,0,0,33687630
85000000,3,138,0,0,0,0,1,0,0,0,63224849
54000000,3,110,0,0,0,0,1,0,0,0,75604320
1500000,4,80,0,0,0,0,1,0,0,0,194568
3500000,4,101,0,0,0,0,1,0,0,0,220234
30000000,3,95,0,0,0,0,1,0,0,0,22526144
33000000,3,75,0,0,0,0,1,0,0,0,57651794
2800000,4,86,0,0,0,0,1,0,0,0,475000
200000,3,106,0,0,0,0,0,1,1,0,1111
12000000,3,104,0,0,0,0,0,1,0,1,65269010
15000000,4,121,0,0,0,0,0,1,0,1,12549485
45000000,4,129,0,0,0,0,0,1,0,1,88504640
30000000,3,125,0,0,0,0,0,1,0,1,38432823
1000000,6,78,0,0,0,0,0,1,0,1,10018
8000000,4,107,0,0,0,0,0,1,0,1,53481
90000000,4,151,0,0,0,0,0,1,0,1,132373442
4000000,4,81,0,0,0,0,0,1,0,0,7825820
50000000,3,105,0,0,0,0,0,1,0,0,48745150
1000000,2,92,0,0,0,0,0,0,1,0,1677838
700000,4,106,0,0,0,0,0,0,0,1,2694973
2000000,4,96,0,0,0,0,0,0,0,1,198407
400000,4,90,0,0,0,0,0,0,0,1,1689999
1592000,4,135,0,0,0,0,0,0,0,1,638951
300000,6,76,0,0,0,0,0,0,0,1,255352
30000000,2,101,0,0,0,0,0,0,0,1,37617947
3000000,2,87,0,0,0,0,0,0,0,1,252726
70000000,3,110,0,0,0,0,0,0,0,1,42272747
40000000,2,99,0,0,0,0,0,0,0,1,52320979
14000000,4,112,0,0,0,0,0,0,0,1,11204499
63000000,3,129,0,0,0,0,0,0,0,1,70236496
15000000,4,111,0,0,0,0,0,0,0,1,31471430
90000000,4,135,0,0,0,0,0,0,0,1,33574332
19000000,4,141,0,0,0,0,0,0,0,1,13753931
20000000,3,90,0,0,0,0,0,0,0,1,20259297
30000000,3,118,0,0,0,0,0,0,0,1,34703228
15000000,4,116,0,0,0,0,0,0,0,1,9396487
70000000,3,130,0,0,0,0,0,0,0,1,103338338
16000000,3,110,0,0,0,0,0,0,0,1,39825798
40000000,3,130,0,0,0,0,0,0,0,1,53082743
32000000,4,105,0,0,0,0,0,0,0,1,1304837
3300000,3,91,0,0,0,0,0,0,0,1,8108247
6000000,4,97,0,0,0,0,0,0,0,1,117560
26000000,4,137,0,0,0,0,0,0,0,1,5459824
35000000,3,96,0,0,0,0,0,0,0,1,10139254
76000000,4,109,0,0,0,0,0,0,0,1,35286428
100000,2,111,0,0,0,0,0,0,0,1,10174663
24000000,2,139,0,0,0,0,0,0,0,1,70269171
65000000,2,131,0,0,0,0,0,0,0,1,43532294
9000000,4,94,0,0,0,0,0,0,0,0,16235293
15000000,4,108,0,0,0,0,0,0,0,0,41777564
16000000,4,83,0,0,0,0,0,0,0,0,39511038
10000000,4,121,0,0,0,0,0,0,0,0,80150343
9000000,3,75,0,0,0,0,0,0,0,0,23078294
20000000,3,137,0,0,0,0,0,0,0,0,39143839
15000000,3,87,0,0,0,0,0,0,0,0,47860214
125000000,3,174,0,0,0,0,0,0,0,0,217536138
750000,4,86,1,1,1,0,1,0,0,0,5518918
150000000,3,115,1,1,1,0,0,0,0,0,82161969
300000000,3,169,1,1,0,0,0,0,0,0,309404152
258000000,3,156,1,1,0,0,0,0,0,0,336530303
150000000,3,144,1,1,0,0,0,0,0,0,318759914
130000000,2,92,1,1,0,0,0,0,0,0,131920333
110000000,3,129,1,1,0,0,0,0,0,0,134520804
20000000,3,91,1,0,0,0,1,1,0,0,8104069
140000000,3,91,1,0,0,0,1,1,0,0,140080850
61000000,4,124,1,0,0,0,0,1,0,1,46975183
20000000,4,111,1,0,0,0,0,1,0,0,9525276
25000000,4,103,1,0,0,0,0,1,0,0,22466994
70000000,4,110,1,0,0,0,0,0,0,1,47456450
110000000,3,123,1,0,0,0,0,0,0,0,115802596
40000000,4,102,1,0,0,0,0,0,0,0,41797066
53000000,4,189,1,0,0,0,0,0,0,0,25031037
110000000,3,115,1,0,0,0,0,0,0,0,227137090
75000000,3,87,0,1,1,0,1,0,0,0,183132370
150000000,2,91,0,1,1,0,1,0,0,0,126597121
160000000,2,93,0,1,1,0,1,0,0,0,320706665
15000000,4,148,0,1,0,1,0,0,0,1,18352454
20000000,3,93,0,1,0,0,1,0,0,0,39737645
45000000,3,97,0,1,0,0,1,0,0,1,93452056
25000000,4,101,0,1,0,0,1,0,0,1,876671
55000000,4,122,0,1,0,0,0,1,0,1,53574088
17000000,2,96,0,1,0,0,0,0,0,1,82234139
180000000,3,113,0,1,0,0,0,0,0,0,70083519
150000000,1,111,0,0,1,0,1,0,0,0,206435493
60000000,2,92,0,0,1,0,1,0,0,0,217326336
85000000,2,107,0,0,1,0,1,0,0,0,127706877
100000000,2,85,0,0,1,0,1,0,0,0,58867694
75000000,4,102,0,0,0,1,1,0,0,1,66636385
100000000,4,176,0,0,0,1,0,1,0,1,130127620
30000000,4,160,0,0,0,1,0,1,0,1,3904982
15000000,3,126,0,0,0,1,0,0,0,1,30226144
16000000,4,108,0,0,0,1,0,0,0,1,9172810
20000000,4,135,0,0,0,1,0,0,0,1,4001121
9000000,3,95,0,0,0,1,0,0,0,1,2955039
500000,6,84,0,0,0,0,1,0,0,0,52850
500000,3,91,0,0,0,0,1,0,0,0,12055
9000000,4,87,0,0,0,0,1,0,0,0,8579684
20000000,4,119,0,0,0,0,1,0,0,0,121463226
10000000,4,93,0,0,0,0,1,0,0,0,900926
10000000,4,84,0,0,0,0,1,1,0,0,20339754
20000000,2,99,0,0,0,0,1,1,0,0,25584685
4000000,4,93,0,0,0,0,1,1,0,0,2426851
15000000,3,113,0,0,0,0,1,0,0,1,55184721
20000000,4,113,0,0,0,0,1,0,0,1,18882880
27000000,2,106,0,0,0,0,1,0,0,1,7486906
75000000,2,117,0,0,0,0,1,0,0,1,118823091
15000000,4,93,0,0,0,0,1,0,0,1,20380
28000000,2,104,0,0,0,0,1,0,0,1,43097652
10000000,3,97,0,0,0,0,1,0,0,1,11043445
7500000,3,96,0,0,0,0,1,0,0,1,143492840
12000000,3,106,0,0,0,0,1,0,0,1,5949693
13000000,3,117,0,0,0,0,1,0,0,1,49121934
2000000,3,108,0,0,0,0,1,0,0,1,19067631
12000000,4,97,0,0,0,0,1,0,0,1,3950294
6000000,2,89,0,0,0,0,1,0,0,0,13235267
175000000,2,96,0,0,0,0,1,0,0,0,100289690
22000000,2,110,0,0,0,0,1,0,0,0,90636983
1500000,4,84,0,0,0,0,1,0,0,0,173066
35000000,4,120,0,0,0,0,1,0,0,0,18317151
10000000,3,93,0,0,0,0,1,0,0,0,5561
35000000,3,91,0,0,0,0,1,0,0,0,43792641
16500000,3,108,0,0,0,0,1,0,0,0,11702090
25000000,4,101,0,0,0,0,1,0,0,0,35000629
500000,4,100,0,0,0,0,1,0,0,0,31937
30000000,4,133,0,0,0,0,1,0,0,0,148734225
5250000,4,96,0,0,0,0,1,0,0,0,766487
850000,4,88,0,0,0,0,1,0,0,0,442638
61000000,3,93,0,0,0,0,1,0,0,0,118153533
7000000,3,93,0,0,0,0,1,0,0,0,5694308
1000000,4,53,0,0,0,0,0,1,1,0,274661
8000000,4,99,0,0,0,0,0,1,0,1,398420
65000000,4,162,0,0,0,0,0,1,0,1,33048353
15000000,4,111,0,0,0,0,0,1,0,1,1294640
30000000,4,108,0,0,0,0,0,1,0,1,16930884
25000000,4,119,0,0,0,0,0,1,0,1,49024969
12000000,3,91,0,0,0,0,0,1,0,1,1506998
25000000,4,122,0,0,0,0,0,1,0,1,74273505
21000000,4,117,0,0,0,0,0,1,0,1,28563179
8600000,4,84,0,0,0,0,0,1,0,0,14373825
25000000,4,96,0,0,0,0,0,1,0,0,17114882
85000000,3,122,0,0,0,0,0,1,0,0,117144465
5000000,4,90,0,0,0,0,0,1,0,0,65087
9000000,3,123,0,0,0,0,0,0,1,1,24530513
20000000,3,128,0,0,0,0,0,0,0,1,15797907
2200000,3,117,0,0,0,0,0,0,0,1,379643
20000000,4,124,0,0,0,0,0,0,0,1,19661987
25000000,4,158,0,0,0,0,0,0,0,1,40218903
16000000,4,118,0,0,0,0,0,0,0,1,2849142
45000000,3,133,0,0,0,0,0,0,0,1,24343673
11000000,4,111,0,0,0,0,0,0,0,1,1066555
150000000,3,104,0,0,0,0,0,0,0,1,256386216
30000000,2,114,0,0,0,0,0,0,0,1,31655091
14000000,3,109,0,0,0,0,0,0,0,1,61356221
20000000,3,105,0,0,0,0,0,0,0,1,80050171
20000000,3,96,0,0,0,0,0,0,0,1,47852604
8000000,4,90,0,0,0,0,0,0,0,1,303439
30000000,3,126,0,0,0,0,0,0,0,1,53680848
45000000,4,139,0,0,0,0,0,0,0,1,4584886
55000000,3,124,0,0,0,0,0,0,0,1,5755286
13000000,3,112,0,0,0,0,0,0,0,1,3169424
27500000,4,122,0,0,0,0,0,0,0,1,9664316
35000000,4,92,0,0,0,0,0,0,0,1,14998070
25000000,3,114,0,0,0,0,0,0,0,0,71975611
32000000,4,113,0,0,0,0,0,0,0,0,39568996
2000000,4,95,0,0,0,0,0,0,0,0,952620
10000000,4,94,0,0,0,0,0,0,0,0,17544812
15000,4,84,0,0,0,0,0,0,0,0,107917283
15000000,4,89,0,0,0,0,0,0,0,0,20801344
18000000,4,126,0,0,0,0,0,0,0,0,25592632
10000000,4,96,0,0,0,0,0,0,0,0,63270259
40000000,4,99,0,0,0,0,0,0,0,0,25117498
600000,3,103,0,0,0,0,0,0,0,0,23616
32000000,4,98,0,0,0,0,0,0,0,0,35063732
80000000,3,99,0,0,0,0,0,0,0,0,15071514
30000,4,78,0,0,0,0,0,0,0,0,243768
130000000,2,92,1,1,1,0,1,0,0,0,215395021
150000000,2,89,1,1,1,0,1,0,0,0,179982968
80000000,3,110,1,1,0,0,1,0,0,0,130313314
70000000,3,112,1,1,0,0,1,0,0,0,70224196
225000000,2,150,1,1,0,0,0,0,0,0,141614023
45000000,2,93,1,1,0,0,0,0,0,0,101702060
185000000,3,122,1,1,0,0,0,0,0,0,317011114
55000000,3,104,1,1,0,0,0,0,0,0,25040293
85000000,3,120,1,1,0,0,0,0,0,0,75754670
145000000,3,112,1,1,0,0,0,0,0,0,102176165
25000000,3,85,1,1,0,0,0,0,0,0,80034302
140000000,3,126,1,1,0,0,0,0,0,0,318298180
150000000,3,135,1,1,0,0,0,0,0,0,134518390
85000000,3,88,1,1,0,0,0,0,0,0,80170146
90000000,3,113,1,0,0,0,1,0,0,0,100018837
92000000,4,121,1,0,0,0,1,0,0,0,110416702
27000000,4,117,1,0,0,0,1,1,0,0,87341380
35000000,3,82,1,0,0,0,1,0,0,0,25871834
10000000,4,107,1,0,0,0,1,0,0,0,578527
60000000,4,101,1,0,0,0,0,1,0,1,40076438
185000000,3,152,1,0,0,0,0,1,0,1,533316061
35000000,4,103,1,0,0,0,0,1,0,1,7948159
20000000,4,109,1,0,0,0,0,1,0,1,26415649
45000000,4,160,1,0,0,0,0,1,0,1,7916887
60000000,3,103,1,0,0,0,0,1,0,0,19781879
75000000,4,110,1,0,0,0,0,1,0,0,134568845
40000000,4,99,1,0,0,0,0,1,0,0,15279680
150000000,3,102,1,0,0,0,0,0,0,1,227946274
20000000,3,110,1,0,0,0,0,0,0,1,24848292
70000000,4,128,1,0,0,0,0,0,0,1,39380442
120000000,2,135,1,0,0,0,0,0,0,0,43929341
80000000,3,118,1,0,0,0,0,0,0,0,101111837
45000000,4,111,1,0,0,0,0,0,0,0,36064910
150000000,2,96,0,1,1,0,1,0,0,1,114053579
15000000,1,85,0,1,1,0,1,0,0,0,12701880
37000000,1,81,0,1,1,0,1,0,0,0,30105968
40000000,2,94,0,1,1,0,1,0,0,0,511920
180000000,1,98,0,1,1,0,0,0,0,0,223806889
12000000,4,102,0,1,0,0,1,0,0,0,38087366
20000000,4,87,0,1,0,0,1,0,0,0,6563357
20000000,2,91,0,1,0,0,1,0,0,1,94497271
20000000,3,114,0,1,0,0,1,0,0,1,3519627
37000000,2,96,0,1,0,0,1,0,0,0,48006503
60000000,2,90,0,1,0,0,1,0,0,0,11802056
19000000,4,129,0,1,0,0,1,0,0,0,8396942
90000000,2,107,0,1,0,0,0,0,0,0,71148699
55000000,2,90,0,1,0,0,0,0,0,0,7871693
23000000,2,94,0,0,0,1,1,0,0,1,11508423
20000000,3,119,0,0,0,1,0,0,0,1,4234040
25100000,3,129,0,0,0,1,0,0,0,1,25517500
20000000,4,128,0,0,0,1,0,0,0,1,31838002
12000000,4,109,0,0,0,1,0,0,0,1,8134217
40000000,2,130,0,0,0,1,0,0,0,1,9589875
25000000,3,88,0,0,0,0,1,0,0,0,14174654
30000000,3,86,0,0,0,0,1,0,0,0,38232624
6500000,4,94,0,0,0,0,1,0,0,0,4693919
65000000,4,106,0,0,0,0,1,0,0,0,100468793
6000000,4,85,0,0,0,0,1,0,0,0,36497
7500000,3,97,0,0,0,0,1,1,0,0,4131640
22000000,3,104,0,0,0,0,1,1,0,0,20668843
2500000,4,101,0,0,0,0,1,0,1,0,12995673
5000000,3,110,0,0,0,0,1,0,0,1,4040588
40000000,3,102,0,0,0,0,1,0,0,1,32853640
21000000,3,120,0,0,0,0,1,0,0,1,16284360
16500000,3,114,0,0,0,0,1,0,0,1,26896744
37000000,4,96,0,0,0,0,1,0,0,1,60338891
3000000,4,92,0,0,0,0,1,0,0,1,2926565
8000000,4,91,0,0,0,0,1,0,0,1,12055108
25000000,4,104,0,0,0,0,1,0,0,1,1089365
60000000,2,115,0,0,0,0,1,0,0,1,143151473
11000000,1,112,0,0,0,0,1,0,0,1,90556401
20000000,3,102,0,0,0,0,1,0,0,1,13214030
9000000,3,90,0,0,0,0,1,0,0,1,31487293
35000000,3,114,0,0,0,0,1,0,0,1,42168445
30000000,4,118,0,0,0,0,1,0,0,1,62877175
21000000,4,124,0,0,0,0,1,0,0,1,3081925
6000000,4,99,0,0,0,0,1,0,0,1,2077046
58000000,3,114,0,0,0,0,1,0,0,1,31199215
15000000,4,115,0,0,0,0,1,0,0,1,183088
80000000,2,99,0,0,0,0,1,0,0,0,109993847
52000000,3,108,0,0,0,0,1,0,0,0,143704210
12000000,3,83,0,0,0,0,1,0,0,0,7001720
10000000,3,95,0,0,0,0,1,0,0,0,7563670
15000000,3,102,0,0,0,0,1,0,0,0,6409206
9000000,4,92,0,0,0,0,1,0,0,0,4881867
30000000,3,111,0,0,0,0,1,0,0,0,76806312
30000000,3,99,0,0,0,0,1,0,0,0,60269340
40000000,3,101,0,0,0,0,1,0,0,0,46012734
25000000,3,97,0,0,0,0,1,0,0,0,48237389
35000000,3,101,0,0,0,0,1,0,0,0,80276912
70000000,3,104,0,0,0,0,1,0,0,0,97680195
40000000,4,112,0,0,0,0,1,0,0,0,19151864
24000000,4,101,0,0,0,0,1,0,0,0,31452765
62000000,3,87,0,0,0,0,1,0,0,0,32178777
55000000,4,99,0,0,0,0,1,0,0,0,33472850
1000000,4,97,0,0,0,0,0,1,0,1,2508841
40000000,3,90,0,0,0,0,0,1,0,1,72266306
55000000,4,141,0,0,0,0,0,1,0,1,35707327
35000000,3,123,0,0,0,0,0,1,0,1,81159365
22000000,3,110,0,0,0,0,0,1,0,1,39263506
30000000,4,130,0,0,0,0,0,1,0,1,15709385
35000000,4,101,0,0,0,0,0,1,0,1,28687835
8000000,4,95,0,0,0,0,0,1,0,0,108662
2500000,6,112,0,0,0,0,0,0,1,0,173783
200000,3,86,0,0,0,0,0,0,1,0,215185
11000000,3,110,0,0,0,0,0,0,0,1,37766350
35000000,4,122,0,0,0,0,0,0,0,1,18593156
33000000,4,116,0,0,0,0,0,0,0,1,148085755
2000000,4,90,0,0,0,0,0,0,0,1,52166
200000,4,80,0,0,0,0,0,0,0,1,856942
10000000,1,101,0,0,0,0,0,0,0,1,17655201
150000000,3,166,0,0,0,0,0,0,0,1,127490802
37000000,3,122,0,0,0,0,0,0,0,1,191449475
75000000,3,121,0,0,0,0,0,0,0,1,83077470
15000000,4,131,0,0,0,0,0,0,0,1,15700000
5000000,3,82,0,0,0,0,0,0,0,1,13350177
23000000,3,98,0,0,0,0,0,0,0,1,58006147
20000000,3,104,0,0,0,0,0,0,0,1,33422556
30000000,3,108,0,0,0,0,0,0,0,1,20981633
500000,2,122,0,0,0,0,0,0,0,1,33451479
5000000,2,90,0,0,0,0,0,0,0,1,124720
55000000,3,123,0,0,0,0,0,0,0,1,69951824
15500000,3,102,0,0,0,0,0,0,0,1,317040
35000000,4,119,0,0,0,0,0,0,0,1,22877808
32000000,4,124,0,0,0,0,0,0,0,1,34180954
12000000,4,110,0,0,0,0,0,0,0,1,3148482
2500000,3,90,0,0,0,0,0,0,0,1,75727
80000000,3,104,0,0,0,0,0,0,0,1,79363785
7000000,4,99,0,0,0,0,0,0,0,1,2344847
6000000,4,109,0,0,0,0,0,0,0,1,26236603
25000000,4,112,0,0,0,0,0,0,0,1,10911750
15000000,4,103,0,0,0,0,0,0,0,0,73548
8000000,4,93,0,0,0,0,0,0,0,0,17427926
8500000,4,150,0,0,0,0,0,0,0,0,140244
20000000,3,89,0,0,0,0,0,0,0,0,43818159
12000000,3,92,0,0,0,0,0,0,0,0,31397498
35000000,4,112,0,0,0,0,0,0,0,0,30691439
10800000,4,95,0,0,0,0,0,0,0,0,56729973
8000000,3,90,0,0,0,0,0,0,0,0,25926543
12000000,4,89,0,0,0,0,0,0,0,0,31691811
48000000,4,91,0,0,0,0,0,0,0,0,64505912
90000000,2,94,1,1,1,0,1,0,0,0,196573705
150000000,2,88,1,1,1,0,1,0,0,0,119420252
175000000,2,94,1,1,1,0,1,0,0,0,198332128
30000000,3,79,1,1,1,0,0,0,0,1,31743332
90000000,3,128,1,1,0,0,0,1,0,0,209019489
65000000,2,98,1,1,0,0,0,0,0,0,67128202
237000000,3,178,1,1,0,0,0,0,0,0,760505847
45000000,2,100,1,1,0,0,0,0,0,0,9353573
150000000,3,119,1,1,0,0,0,0,0,0,179883016
35000000,4,92,1,1,0,0,0,0,0,0,45802315
40000000,3,109,1,1,0,0,0,0,0,0,13838130
200000000,3,158,1,1,0,0,0,0,0,0,166112167
150000000,3,127,1,1,0,0,0,0,0,0,257704099
200000000,3,118,1,1,0,0,0,0,0,0,125320003
200000000,3,150,1,1,0,0,0,0,0,0,402076689
175000000,3,118,1,1,0,0,0,0,0,0,150167630
26000000,2,91,1,0,0,0,1,1,0,0,20819129
3000000,4,84,1,0,0,0,1,1,0,0,10017041
25000000,3,88,1,0,0,0,1,0,0,0,25615792
50000000,4,118,1,0,0,0,0,1,0,1,25450527
35000000,4,101,1,0,0,0,0,1,0,0,10268846
20000000,4,96,1,0,0,0,0,1,0,0,13630226
22000000,3,108,1,0,0,0,0,1,0,0,12232937
27000000,3,88,1,0,0,0,0,1,0,0,15988876
40000000,4,99,1,0,0,0,0,1,0,0,38105077
8000000,4,138,1,0,0,0,0,1,0,0,10269307
100000000,4,106,1,0,0,0,0,1,0,0,65452312
130000000,4,215,1,0,0,0,0,0,0,1,107503316
80000000,3,89,1,0,0,0,0,0,0,0,38542418
50000000,4,95,1,0,0,0,0,0,0,0,20488579
40000000,2,87,0,1,1,0,1,1,0,0,20999103
175000000,2,96,0,1,1,0,1,0,0,0,292979556
60000000,3,100,0,1,0,0,1,0,0,0,43337279
150000000,2,105,0,1,0,0,1,0,0,0,177243721
45000000,2,86,0,1,0,0,1,0,0,0,25200412
23600000,4,88,0,1,0,0,1,0,0,0,75590286
100000000,3,102,0,1,0,0,1,0,0,0,49392095
21000000,3,99,0,1,0,0,0,0,0,1,8855646
25000000,4,111,0,1,0,0,0,0,0,1,56692
50000000,3,130,0,1,0,0,0,0,0,1,296623634
75000000,4,153,0,1,0,0,0,0,0,1,120523073
14000000,4,108,0,1,0,0,0,0,0,0,15483540
75000000,2,88,0,0,1,0,1,0,0,0,219613391
100000000,2,90,0,0,1,0,1,0,0,0,124870275
200000000,2,96,0,0,1,0,0,0,0,1,137850096
60000000,2,100,0,0,1,0,0,0,0,0,75280058
105000000,1,97,0,0,1,0,0,0,0,0,104374107
100000000,4,140,0,0,0,1,0,1,0,1,97030725
60000000,3,134,0,0,0,1,0,0,0,1,37479778
40000000,3,123,0,0,0,1,0,0,0,1,94125426
29000000,3,129,0,0,0,1,0,0,0,1,255950375
60000000,3,113,0,0,0,0,1,0,0,0,109176215
42000000,4,81,0,0,0,0,1,0,0,0,59992760
35000000,4,108,0,0,0,0,1,0,0,0,277313371
18000000,4,86,0,0,0,0,1,1,0,1,23993605
21000000,4,108,0,0,0,0,1,1,0,1,33313582
8000000,4,92,0,0,0,0,1,1,0,0,10814185
60000000,3,125,0,0,0,0,1,1,0,0,40559930
6000000,3,104,0,0,0,0,1,0,0,1,6670712
13000000,3,113,0,0,0,0,1,0,0,1,51697449
5000000,3,90,0,0,0,0,1,0,0,1,92900
10000000,3,91,0,0,0,0,1,0,0,1,19348
7000000,4,106,0,0,0,0,1,0,0,1,9190525
75000000,4,153,0,0,0,0,1,0,0,1,51814190
3800000,4,85,0,0,0,0,1,0,0,1,100669
5000000,4,96,0,0,0,0,1,0,0,1,1474508
55000000,2,107,0,0,0,0,1,0,0,1,16088610
20000000,3,102,0,0,0,0,1,0,0,1,64149837
30000000,1,102,0,0,0,0,1,0,0,1,79566871
20000000,2,111,0,0,0,0,1,0,0,1,5205343
30000000,4,120,0,0,0,0,1,0,0,1,7443007
18000000,2,123,0,0,0,0,1,0,0,1,22452209
7500000,3,95,0,0,0,0,1,0,0,1,32391374
58000000,3,103,0,0,0,0,1,0,0,1,29580087
40000000,3,129,0,0,0,0,1,0,0,1,93952276
40000000,3,108,0,0,0,0,1,0,0,1,163947053
17000000,4,98,0,0,0,0,1,0,0,1,9430988
85000000,4,120,0,0,0,0,1,0,0,1,112703470
15000000,4,90,0,0,0,0,1,0,0,1,4360548
18000000,4,90,0,0,0,0,1,0,0,1,15281286
35000000,2,100,0,0,0,0,1,0,0,0,73023275
35000000,2,88,0,0,0,0,1,0,0,0,49474048
40000000,2,89,0,0,0,0,1,0,0,0,20916309
16000000,4,107,0,0,0,0,1,0,0,0,16204793
18500000,3,100,0,0,0,0,1,0,0,0,18439082
30000000,2,89,0,0,0,0,1,0,0,0,58715510
8000000,2,97,0,0,0,0,1,0,0,0,16699684
15000000,3,99,0,0,0,0,1,0,0,0,33860010
17000000,3,98,0,0,0,0,1,0,0,0,8662318
15000000,3,88,0,0,0,0,1,0,0,0,6373693
15000000,3,92,0,0,0,0,1,0,0,0,5306447
40000000,4,105,0,0,0,0,1,0,0,0,71347010
6000000,4,90,0,0,0,0,1,0,0,0,4542775
8000000,4,90,0,0,0,0,1,0,0,0,100503
38000000,4,96,0,0,0,0,1,0,0,0,88915214
25000000,4,94,0,0,0,0,1,0,0,0,32416109
20000000,4,122,0,0,0,0,0,1,0,1,1697956
17000000,4,132,0,0,0,0,0,1,0,1,27154426
50000000,4,118,0,0,0,0,0,1,0,1,73343413
15000000,4,114,0,0,0,0,0,1,0,0,32721635
160000,6,93,0,0,0,0,0,0,1,0,155984
60000000,2,111,0,0,0,0,0,0,1,0,71844424
9000000,2,97,0,0,0,0,0,0,0,1,883887
30000000,3,109,0,0,0,0,0,0,0,1,49185998
1000000,3,120,0,0,0,0,0,0,0,1,3773863
10000000,4,109,0,0,0,0,0,0,0,1,47536959
3000000,4,96,0,0,0,0,0,0,0,1,5005
16000000,3,89,0,0,0,0,0,0,0,1,42638165
16000000,3,115,0,0,0,0,0,0,0,1,15045676
39000000,3,107,0,0,0,0,0,0,0,1,63411478
65000000,3,135,0,0,0,0,0,0,0,1,43982842
65000000,3,135,0,0,0,0,0,0,0,1,43982842
4500000,4,104,0,0,0,0,0,0,0,1,108229
7000000,4,112,0,0,0,0,0,0,0,1,39462438
80000000,3,118,0,0,0,0,0,0,0,1,19673424
7500000,3,100,0,0,0,0,0,0,0,1,9176553
11000000,4,96,0,0,0,0,0,0,0,1,3074838
50000000,3,121,0,0,0,0,0,0,0,1,79948113
18000000,3,109,0,0,0,0,0,0,0,1,22927390
8000000,3,99,0,0,0,0,0,0,0,1,10572742
7000000,4,99,0,0,0,0,0,0,0,1,9166863
4825000,4,125,0,0,0,0,0,0,0,1,1110286
6000000,4,96,0,0,0,0,0,0,0,1,115862
25000000,4,108,0,0,0,0,0,0,0,1,83813460
6500000,4,105,0,0,0,0,0,0,0,1,66637
7000000,1,99,0,0,0,0,0,0,0,1,1889522
15000000,3,111,0,0,0,0,0,0,0,1,13034417
26000000,4,105,0,0,0,0,0,0,0,1,28501651
15000000,4,119,0,0,0,0,0,0,0,0,33386128
15000000,4,119,0,0,0,0,0,0,0,0,33386128
4000000,4,90,0,0,0,0,0,0,0,0,101055
40000000,4,82,0,0,0,0,0,0,0,0,66466372
900000,4,95,0,0,0,0,0,0,0,0,100659
16000000,4,101,0,0,0,0,0,0,0,0,11956207
27000000,4,109,0,0,0,0,0,0,0,0,13248477
30000000,3,99,0,0,0,0,0,0,0,0,42057340
5000000,4,88,0,0,0,0,0,0,0,0,143000
15000000,4,101,0,0,0,0,0,0,0,0,51527787
10000000,3,98,0,0,0,0,0,0,0,0,25464480
150000000,3,146,0,0,0,0,0,0,0,0,133375846
80000000,2,101,1,1,1,0,0,0,0,0,55673333
200000000,3,156,1,1,0,0,0,0,0,1,105219735
80000000,4,118,1,1,0,0,0,0,0,1,94822707
150000000,2,103,1,1,0,0,0,0,0,0,131564731
150000000,2,109,1,1,0,0,0,0,0,0,63143812
125000000,3,106,1,1,0,0,0,0,0,0,163192114
125000000,3,106,1,1,0,0,0,0,0,0,163192114
200000000,3,116,1,1,0,0,0,0,0,0,90755643
170000000,2,125,1,1,0,0,0,0,0,0,172051787
200000000,3,124,1,1,0,0,0,0,0,0,312057433
160000000,3,148,1,1,0,0,0,0,0,0,292568851
40000000,4,107,1,1,0,0,0,0,0,0,52000688
80000000,4,113,1,1,0,0,0,0,0,0,102981571
130000000,2,95,1,0,0,0,1,0,0,0,148337537
100000000,3,116,1,0,0,0,1,1,0,0,119219978
37000000,4,107,1,0,0,0,1,1,0,0,44867349
20000000,3,107,1,0,0,0,1,1,0,0,1183354
58000000,3,111,1,0,0,0,1,1,0,0,90356857
20000000,4,101,1,0,0,0,1,0,1,0,117224271
28000000,2,94,1,0,0,0,1,0,0,0,24268828
85000000,2,82,1,0,0,0,1,0,0,0,43575716
60000000,3,112,1,0,0,0,1,0,0,0,31494270
117000000,3,117,1,0,0,0,1,0,0,0,76418654
40000000,3,110,1,0,0,0,1,0,0,0,67061228
10000000,4,95,1,0,0,0,1,0,0,0,8460995
75000000,3,100,1,0,0,0,1,0,0,0,47000485
25000000,3,97,1,0,0,0,0,1,0,1,23527955
24000000,4,98,1,0,0,0,0,1,0,1,23225911
110000000,3,101,1,0,0,0,0,1,0,0,118311368
32000000,4,119,1,0,0,0,0,1,0,0,13763130
20000000,3,107,1,0,0,0,0,1,0,0,57744720
10500000,4,105,1,0,0,0,0,1,0,0,26589953
47000000,3,81,1,0,0,0,0,0,0,1,10539414
26000000,4,100,1,0,0,0,0,0,0,0,40168080
100000000,3,103,1,0,0,0,0,0,0,0,67631157
10000000,3,97,1,0,0,0,0,0,0,0,21371425
100000000,3,98,1,0,0,0,0,0,0,0,81557479
80000000,2,80,0,1,1,0,1,0,0,0,100169068
200000000,1,103,0,1,1,0,1,0,0,0,414984497
165000000,2,93,0,1,1,0,1,0,0,0,238371987
260000000,2,100,0,1,1,0,1,0,0,0,200807262
20000000,2,90,0,1,1,0,1,0,0,0,25077977
165000000,2,98,0,1,1,0,0,0,0,0,217387997
18000000,4,94,0,1,0,1,0,0,0,1,18329466
15000000,1,103,0,1,0,0,1,0,0,0,26161406
112000000,2,85,0,1,0,0,1,0,0,0,42776259
68000000,3,124,0,1,0,0,0,0,0,1,300523113
38000000,3,110,0,1,0,0,0,0,0,1,171031347
200000000,2,108,0,1,0,0,0,0,0,0,334185206
155000000,2,113,0,1,0,0,0,0,0,0,104383624
69000000,2,87,0,0,1,0,1,0,0,0,251501645
40000000,3,120,0,0,0,1,0,0,0,1,96917897
35000000,2,123,0,0,0,1,0,0,0,1,59699513
10000000,4,106,0,0,0,1,0,0,0,1,3571735
6000000,2,90,0,0,0,1,0,0,0,1,399611
25000000,4,116,0,0,0,1,0,0,0,1,93571803
22000000,3,108,0,0,0,1,0,0,0,1,9528092
80000000,3,102,0,0,0,0,1,0,0,0,162001186
20000000,3,82,0,0,0,0,1,0,0,0,36658108
7000000,4,108,0,0,0,0,1,0,0,0,453079
3400000,4,86,0,0,0,0,1,0,0,0,535249
2500000,4,96,0,0,0,0,1,1,0,1,322157
55000000,3,101,0,0,0,0,1,1,0,0,98711404
7000000,4,118,0,0,0,0,1,1,0,0,46451
500000,4,93,0,0,0,0,1,1,0,0,48430
65000000,4,95,0,0,0,0,1,0,0,1,100448498
5000000,4,97,0,0,0,0,1,0,0,1,2711210
7000000,4,97,0,0,0,0,1,0,0,1,1768416
3500000,4,106,0,0,0,0,1,0,0,1,20803237
20000000,3,110,0,0,0,0,1,0,0,1,263365
65000,6,98,0,0,0,0,1,0,0,1,389804
14000000,2,90,0,0,0,0,1,0,0,1,1752214
30000000,2,105,0,0,0,0,1,0,0,1,53021560
120000000,3,121,0,0,0,0,1,0,0,1,30212620
8000000,3,101,0,0,0,0,1,0,0,1,6350058
40000000,3,107,0,0,0,0,1,0,0,1,30993544
19000000,3,101,0,0,0,0,1,0,0,1,27758465
20000000,3,121,0,0,0,0,1,0,0,1,60072596
3200000,4,105,0,0,0,0,1,0,0,1,5776314
7000000,4,91,0,0,0,0,1,0,0,1,7455447
30000000,4,112,0,0,0,0,1,0,0,1,32357532
100000000,4,146,0,0,0,0,1,0,0,1,95328937
22000000,4,98,0,0,0,0,1,0,0,1,3247816
25000000,4,117,0,0,0,0,1,0,0,1,134904
15000000,2,94,0,0,0,0,1,0,0,0,64001297
35000000,2,92,0,0,0,0,1,0,0,0,17596256
50000000,2,87,0,0,0,0,1,0,0,0,33643461
20000000,2,105,0,0,0,0,1,0,0,0,25677801
24000000,4,88,0,0,0,0,1,0,0,0,25003072
19000000,2,100,0,0,0,0,1,0,0,0,12561
8000000,3,92,0,0,0,0,1,0,0,0,58401464
100000000,3,98,0,0,0,0,1,0,0,0,148383780
14000000,3,103,0,0,0,0,1,0,0,0,20246959
35000000,3,104,0,0,0,0,1,0,0,0,37481242
52000000,3,125,0,0,0,0,1,0,0,0,110476776
32000000,4,102,0,0,0,0,1,0,0,0,17797316
20000000,4,104,0,0,0,0,1,0,0,0,31584722
36000000,4,101,0,0,0,0,1,0,0,0,50213619
25000000,3,122,0,0,0,0,0,1,0,1,11538204
35000000,3,133,0,0,0,0,0,1,0,1,21129348
20000000,4,105,0,0,0,0,0,1,0,1,35596227
13000000,4,109,0,0,0,0,0,1,0,1,214966
37000000,4,150,0,0,0,0,0,1,0,1,92173235
9500000,4,106,0,0,0,0,0,1,0,1,58214
400000,2,92,0,0,0,0,0,0,1,0,425899
3000000,3,93,0,0,0,0,0,0,1,0,100675
2500000,4,80,0,0,0,0,0,0,1,0,99851
31000000,2,106,0,0,0,0,0,0,0,1,11854694
5000000,3,91,0,0,0,0,0,0,0,1,2221809
200000,3,101,0,0,0,0,0,0,0,1,2428241
70000000,3,136,0,0,0,0,0,0,0,1,52474616
7000000,4,106,0,0,0,0,0,0,0,1,382946
2000000,4,100,0,0,0,0,0,0,0,1,6531491
3500000,2,110,0,0,0,0,0,0,0,1,2848578
20000000,2,107,0,0,0,0,0,0,0,1,62933793
50000000,3,129,0,0,0,0,0,0,0,1,32741596
150000000,4,119,0,0,0,0,0,0,0,1,61937495
44000000,3,99,0,0,0,0,0,0,0,1,31136950
650000,4,98,0,0,0,0,0,0,0,1,18469
55000000,3,119,0,0,0,0,0,0,0,1,39440655
30000000,3,107,0,0,0,0,0,0,0,1,42385520
60000000,3,140,0,0,0,0,0,0,0,1,80574010
16000000,3,113,0,0,0,0,0,0,0,1,19057024
3500000,4,112,0,0,0,0,0,0,0,1,9701559
25000000,3,108,0,0,0,0,0,0,0,1,80014842
13000000,4,108,0,0,0,0,0,0,0,1,106952327
22000000,4,105,0,0,0,0,0,0,0,1,1796024
20000000,4,113,0,0,0,0,0,0,0,1,31146570
1700000,4,124,0,0,0,0,0,0,0,1,183490
1500000,3,103,0,0,0,0,0,0,0,0,53991137
25000000,4,99,0,0,0,0,0,0,0,0,24042490
3000000,4,98,0,0,0,0,0,0,0,0,84749884
10000000,3,80,0,0,0,0,0,0,0,0,33583175
25000000,4,107,0,0,0,0,0,0,0,0,14637490
2000000,4,105,0,0,0,0,0,0,0,0,92401
20000000,4,101,0,0,0,0,0,0,0,0,39103378
80000000,4,138,0,0,0,0,0,0,0,0,127968405
150000000,2,90,1,1,1,0,1,0,0,0,165230261
130000000,2,90,1,1,1,0,1,0,0,0,149234747
150000000,2,88,1,1,1,0,1,0,0,0,21379315
45000000,2,101,1,1,0,0,1,1,0,0,8129455
27000000,2,89,1,1,0,0,1,0,0,0,38536376
125000000,3,129,1,1,0,0,0,1,0,0,186830669
25000000,4,117,1,1,0,0,0,0,0,1,51533608
135000000,2,107,1,1,0,0,0,0,0,0,77564037
250000000,3,136,1,1,0,0,0,0,0,0,241063875
150000000,3,115,1,1,0,0,0,0,0,0,181015141
30000000,3,89,1,1,0,0,0,0,0,0,21426805
140000000,3,124,1,1,0,0,0,0,0,0,176636816
200000000,3,123,1,1,0,0,0,0,0,0,116593191
195000000,3,154,1,1,0,0,0,0,0,0,352358779
160000000,3,132,1,1,0,0,0,0,0,0,146405371
60000000,3,109,1,1,0,0,0,0,0,0,55092830
145000000,3,133,1,1,0,0,0,0,0,0,209364921
30000000,4,129,1,0,0,1,0,1,0,1,537580
32000000,3,113,1,0,0,0,1,1,0,0,37911876
75000000,3,104,1,0,0,0,1,1,0,0,78009155
120000000,3,119,1,0,0,0,1,1,0,0,98780042
9000000,4,96,1,0,0,0,1,0,0,1,27445
125000000,3,132,1,0,0,0,0,1,0,0,209805005
40000000,4,93,1,0,0,0,0,1,0,0,29113588
75000000,4,110,1,0,0,0,0,0,0,1,83503161
110000000,3,127,1,0,0,0,0,0,0,1,85463309
93000000,3,105,1,0,0,0,0,0,0,1,176740650
30000000,3,111,1,0,0,0,0,0,0,1,40247512
25000000,4,110,1,0,0,0,0,0,0,1,10324441
82000000,3,128,1,0,0,0,0,0,0,0,36381716
60000000,3,87,1,0,0,0,0,0,0,0,29136626
57000000,3,96,1,0,0,0,0,0,0,0,51774002
50000000,4,104,1,0,0,0,0,0,0,0,10706786
35000000,3,106,1,0,0,0,0,0,0,0,28064226
70000000,3,116,1,0,0,0,0,0,0,0,83552429
40000000,3,109,1,0,0,0,0,0,0,0,37553932
63000000,2,95,0,1,1,0,1,0,0,0,108012170
110000000,2,103,0,1,1,0,1,0,0,0,142614158
75000000,1,87,0,1,1,0,1,0,0,0,133103929
90000000,1,96,0,1,1,0,1,0,0,0,143618384
30000000,1,63,0,1,1,0,1,0,0,0,26687172
200000000,1,106,0,1,1,0,1,0,0,0,191450875
135000000,2,107,0,1,1,0,1,0,0,0,123207194
19000000,4,90,0,1,0,0,1,0,0,0,35033759
45000000,2,103,0,1,0,0,1,0,0,0,88625922
49900000,4,102,0,1,0,0,1,0,0,0,21557240
40000000,4,109,0,1,0,0,1,0,0,0,37371385
170000000,2,126,0,1,0,0,0,0,0,1,73820094
40000000,3,129,0,1,0,0,0,0,0,1,31836745
30000000,4,108,0,1,0,0,0,0,0,1,23070045
30000000,2,86,0,0,1,0,1,0,0,0,10134754
35000000,4,137,0,0,0,1,0,1,0,1,37304950
18000000,2,106,0,0,0,1,0,0,0,1,43853424
50000000,3,133,0,0,0,1,0,0,0,1,75605492
3500000,4,107,0,0,0,1,0,0,0,1,5354039
79000000,2,91,0,0,0,0,1,0,0,0,74158157
41000000,2,100,0,0,0,0,1,0,0,0,7204138
20000000,4,97,0,0,0,0,1,0,0,0,100292856
10000000,4,97,0,0,0,0,1,0,0,0,2331318
930000,4,100,0,0,0,0,1,0,0,0,20186
60000,4,82,0,0,0,0,1,0,0,0,40557
80000000,4,102,0,0,0,0,1,0,0,0,254455986
35000000,4,106,0,0,0,0,1,1,0,0,117528646
5000000,3,99,0,0,0,0,1,1,0,1,9203192
1500000,3,90,0,0,0,0,1,0,1,0,638476
9000,6,95,0,0,0,0,1,0,0,1,4584
8000000,2,104,0,0,0,0,1,0,0,1,10106233
6600000,3,112,0,0,0,0,1,0,0,1,37295394
70000000,3,111,0,0,0,0,1,0,0,1,48430355
10000000,4,83,0,0,0,0,1,0,0,1,4244155
5000000,4,90,0,0,0,0,1,0,0,1,24809547
20000000,4,115,0,0,0,0,1,0,0,1,82624961
12000000,4,94,0,0,0,0,1,0,0,1,16300302
125000,4,90,0,0,0,0,1,0,0,1,1573712
50000000,3,118,0,0,0,0,1,0,0,1,84244877
30000000,3,98,0,0,0,0,1,0,0,1,35565975
35000000,3,112,0,0,0,0,1,0,0,1,39026186
8000000,4,100,0,0,0,0,1,0,0,1,34963967
23000000,4,97,0,0,0,0,1,0,0,1,6923891
21000000,2,99,0,0,0,0,1,0,0,0,52691009
55000000,2,94,0,0,0,0,1,0,0,0,68218041
80000000,2,102,0,0,0,0,1,0,0,0,80360866
52000000,4,118,0,0,0,0,1,0,0,0,37035845
30000000,4,106,0,0,0,0,1,0,0,0,18298649
24000000,3,89,0,0,0,0,1,0,0,0,9639242
80000000,3,117,0,0,0,0,1,0,0,0,103028109
56000000,3,113,0,0,0,0,1,0,0,0,54540525
32500000,4,131,0,0,0,0,1,0,0,0,169076745
35000000,4,109,0,0,0,0,1,0,0,0,55802754
36000000,4,111,0,0,0,0,1,0,0,0,45045037
25000000,4,108,0,0,0,0,1,0,0,0,70625986
20000000,4,117,0,0,0,0,1,0,0,0,13987482
15000000,4,100,0,0,0,0,0,1,0,1,35054909
90000000,4,158,0,0,0,0,0,1,0,1,102515793
11000000,4,98,0,0,0,0,0,1,0,1,1987762
40000000,4,118,0,0,0,0,0,1,0,1,57981889
15000000,4,90,0,0,0,0,0,1,0,1,28870
500000,6,93,0,0,0,0,0,0,1,0,906666
13000000,1,115,0,0,0,0,0,0,1,0,73000942
9000000,2,84,0,0,0,0,0,0,1,0,11860839
4000000,3,102,0,0,0,0,0,0,1,0,2601847
2000000,3,129,0,0,0,0,0,0,0,1,34522221
21000000,3,91,0,0,0,0,0,0,0,1,958319
25000000,3,146,0,0,0,0,0,0,0,1,169705587
14000000,4,186,0,0,0,0,0,0,0,1,46495
12500000,4,101,0,0,0,0,0,0,0,1,40962534
37000000,2,113,0,0,0,0,0,0,0,1,72279690
32000000,3,139,0,0,0,0,0,0,0,1,13303319
17000000,3,86,0,0,0,0,0,0,0,1,27854896
3000000,4,100,0,0,0,0,0,0,0,1,73678
37000000,3,114,0,0,0,0,0,0,0,1,33037754
16000000,3,91,0,0,0,0,0,0,0,1,37300107
2450000,3,105,0,0,0,0,0,0,0,1,178739
55000000,3,84,0,0,0,0,0,0,0,1,21283440
10000000,3,98,0,0,0,0,0,0,0,1,1754319
250000,3,90,0,0,0,0,0,0,0,1,3388210
15000000,3,107,0,0,0,0,0,0,0,1,13766014
38000000,3,120,0,0,0,0,0,0,0,1,58700247
100000,3,92,0,0,0,0,0,0,0,1,1316074
13000000,4,127,0,0,0,0,0,0,0,1,301305
25000000,3,140,0,0,0,0,0,0,0,1,13651662
60000000,3,106,0,0,0,0,0,0,0,1,75638743
5000000,4,121,0,0,0,0,0,0,0,1,1729969
66000000,3,146,0,0,0,0,0,0,0,1,79883359
42000000,3,100,0,0,0,0,0,0,0,0,37652565
40000000,4,92,0,0,0,0,0,0,0,0,42575718
5000000,4,94,0,0,0,0,0,0,0,0,104007828
750000,4,101,0,0,0,0,0,0,0,0,77501
40000000,4,111,0,0,0,0,0,0,0,0,38176892
5000000,3,86,0,0,0,0,0,0,0,0,17683670
25000000,3,90,0,0,0,0,0,0,0,0,18860403
32000000,3,93,0,0,0,0,0,0,0,0,54696902
50000000,3,112,0,0,0,0,0,0,0,0,126975169
50200000,3,106,0,0,0,0,0,0,0,0,62453315
15000000,4,107,1,0,0,0,0,0,0,0,15608545
79000000,2,94,1,1,0,0,1,0,0,0,103812241
225000000,3,106,1,1,0,0,1,0,0,0,179020854
170000000,3,132,1,1,0,0,0,0,0,1,155111815
58000000,3,125,1,1,0,0,0,0,0,1,49875589
12000000,4,110,1,1,0,0,0,0,0,1,70011073
230000000,3,153,1,1,0,0,0,0,0,0,262030663
150000000,3,99,1,1,0,0,0,0,0,0,83640426
263700000,3,132,1,1,0,0,0,0,0,0,73058679
220000000,3,173,1,1,0,0,0,0,0,0,623279547
209000000,3,131,1,1,0,0,0,0,0,0,65173160
125000000,3,135,1,1,0,0,0,0,0,0,113165635
92000000,4,103,1,1,0,0,0,0,0,0,85017401
42000000,4,109,1,0,0,0,1,1,0,0,138447667
40000000,3,91,1,0,0,0,1,1,0,0,26404753
65000000,3,103,1,0,0,0,1,0,0,0,54758461
2000000,4,100,1,0,0,0,1,0,0,0,13746550
68000000,4,102,1,0,0,0,1,0,0,0,34350553
42000000,2,105,1,0,0,0,1,0,0,0,45290318
30000000,4,119,1,0,0,0,0,1,0,1,66468315
25000000,4,109,1,0,0,0,0,1,0,1,66489425
35000000,4,96,1,0,0,0,0,1,0,1,183125
35000000,3,101,1,0,0,0,0,1,0,0,25863915
60000000,3,130,1,0,0,0,0,1,0,0,80033643
85000000,4,115,1,0,0,0,0,1,0,0,126149655
42000000,3,102,1,0,0,0,0,1,0,0,18600911
35000000,3,91,1,0,0,0,0,1,0,0,20275446
30000000,4,94,1,0,0,0,0,1,0,0,17120019
1000000,3,112,1,0,0,0,0,0,0,1,96734
69000000,4,105,1,0,0,0,0,0,0,0,37516013
70000000,4,88,1,0,0,0,0,0,0,0,62321039
10000000,4,82,1,0,0,0,0,0,0,0,6842058
20000000,3,93,1,0,0,0,0,0,0,0,3749061
250000000,3,164,1,0,0,0,0,0,0,0,448130642
55000000,4,92,1,0,0,0,0,0,0,0,9483821
95000000,2,88,0,1,1,0,1,0,0,0,161317423
145000000,2,93,0,1,1,0,1,0,0,0,216366733
185000000,2,93,0,1,1,0,1,0,0,0,237282182
60000000,2,92,0,1,1,0,1,0,0,0,55994557
165000000,2,101,0,1,1,0,1,0,0,0,189412677
145000000,2,97,0,1,1,0,0,0,0,0,103400692
14000000,3,86,0,1,0,0,1,0,0,0,9402410
85000000,2,106,0,1,0,0,1,0,0,1,64933670
16000000,3,94,0,1,0,0,1,0,0,1,45507053
10000000,4,101,0,1,0,0,1,0,0,1,6619173
120000000,2,127,0,1,0,0,0,0,0,1,124976634
120000000,3,115,0,1,0,0,0,0,0,1,292298923
78000000,3,142,0,1,0,0,0,0,0,1,407999255
20000000,1,88,0,1,0,0,0,0,0,0,1064277
180000000,3,182,0,1,0,0,0,0,0,0,303001229
130000000,4,124,0,1,0,0,0,0,0,0,126464904
85000000,2,91,0,0,1,0,1,0,0,0,148313048
39000000,2,87,0,0,1,0,1,0,0,0,35287788
1000000,4,95,0,0,0,1,1,0,0,1,5997134
10000000,4,106,0,0,0,1,0,1,0,1,1939441
270000,4,90,0,0,0,1,0,1,0,1,318622
44500000,4,130,0,0,0,1,0,0,0,1,136019448
65000000,3,150,0,0,0,1,0,0,0,1,182204440
40000000,2,107,0,0,0,1,0,0,0,1,20113965
20000000,2,116,0,0,0,1,0,0,0,1,6002756
50000000,4,113,0,0,0,0,1,0,0,0,56724080
850000,4,88,0,0,0,0,1,0,0,0,1243961
70000000,4,116,0,0,0,0,1,0,0,0,36931089
95000000,4,85,0,0,0,0,1,0,0,0,86897182
35000000,4,134,0,0,0,0,1,0,0,0,67523385
3000000,4,93,0,0,0,0,1,0,0,0,200803
12000000,4,93,0,0,0,0,1,1,0,0,54724272
20000000,3,114,0,0,0,0,1,1,0,1,65623128
2500000,3,89,0,0,0,0,1,1,0,1,3325638
40000000,3,91,0,0,0,0,1,0,0,1,18438149
1200000,3,108,0,0,0,0,1,0,0,1,594904
40000000,3,95,0,0,0,0,1,0,0,1,37101011
7000000,4,110,0,0,0,0,1,0,0,1,113709992
25000000,2,105,0,0,0,0,1,0,0,1,51853450
75000000,3,136,0,0,0,0,1,0,0,1,38509342
30000000,3,100,0,0,0,0,1,0,0,1,63536011
40000000,3,110,0,0,0,0,1,0,0,1,41102171
750000,4,86,0,0,0,0,1,0,0,1,4007792
21000000,4,122,0,0,0,0,1,0,0,1,132088910
22000000,2,94,0,0,0,0,1,0,0,0,49002815
25000000,2,105,0,0,0,0,1,0,0,0,77264926
50000000,4,112,0,0,0,0,1,0,0,0,218628680
100000000,3,113,0,0,0,0,1,0,0,0,79711678
2000000,6,106,0,0,0,0,1,0,0,0,2436
900000,4,101,0,0,0,0,1,0,0,0,6643
500000,6,87,0,0,0,0,1,0,0,0,1332
16000000,3,92,0,0,0,0,1,0,0,0,2964
25000000,3,118,0,0,0,0,1,0,0,0,30920167
17000000,3,112,0,0,0,0,1,0,0,0,64998368
12000000,3,122,0,0,0,0,1,0,0,0,91547205
3000000,4,87,0,0,0,0,1,0,0,0,418268
65000000,4,99,0,0,0,0,1,0,0,0,59617068
30000000,4,131,0,0,0,0,1,0,0,0,28644770
17000000,4,112,0,0,0,0,1,0,0,0,16684352
35000000,3,105,0,0,0,0,1,0,0,0,13101142
6000000,4,84,0,0,0,0,1,0,0,0,5895238
5000000,4,94,0,0,0,0,0,1,0,1,14123773
12000000,4,95,0,0,0,0,0,1,0,1,65804
7000000,4,109,0,0,0,0,0,1,0,1,40983001
45000000,4,141,0,0,0,0,0,1,0,1,47307550
15000000,4,140,0,0,0,0,0,1,0,1,21383298
26000000,4,110,0,0,0,0,0,1,0,0,16005978
15000000,4,97,0,0,0,0,0,1,0,0,14938570
225000,6,86,0,0,0,0,0,0,1,0,111300
2500000,2,87,0,0,0,0,0,0,1,0,33349949
12000000,2,93,0,0,0,0,0,0,1,0,25240988
500000,6,89,0,0,0,0,0,0,1,0,133778
10000000,3,130,0,0,0,0,0,0,0,1,21589307
200000,4,97,0,0,0,0,0,0,0,1,78030
15000000,4,106,0,0,0,0,0,0,0,1,7556708
32000000,4,144,0,0,0,0,0,0,0,1,16377274
1800000,3,93,0,0,0,0,0,0,0,1,12784397
2500000,4,101,0,0,0,0,0,0,0,1,1163508
40000000,4,157,0,0,0,0,0,0,0,1,95720716
17000000,3,116,0,0,0,0,0,0,0,1,24397469
427000,4,80,0,0,0,0,0,0,0,1,2833383
33000000,3,99,0,0,0,0,0,0,0,1,35057332
61000000,3,158,0,0,0,0,0,0,0,1,148775460
6000000,3,102,0,0,0,0,0,0,0,1,11434867
10000000,3,111,0,0,0,0,0,0,0,1,3333823
25000000,3,101,0,0,0,0,0,0,0,1,60443237
13000000,3,102,0,0,0,0,0,0,0,1,17738570
30000000,3,104,0,0,0,0,0,0,0,1,125014030
12000000,3,89,0,0,0,0,0,0,0,1,64572496
12000000,4,107,0,0,0,0,0,0,0,1,7918283
31000000,4,138,0,0,0,0,0,0,0,1,93749203
100000000,4,165,0,0,0,0,0,0,0,1,162804648
30000000,4,95,0,0,0,0,0,0,0,0,42043633
5000000,4,96,0,0,0,0,0,0,0,0,53884821
1000000,4,83,0,0,0,0,0,0,0,0,53245055
3000000,4,110,0,0,0,0,0,0,0,0,48056940
1000000,4,86,0,0,0,0,0,0,0,0,18112929
17000000,3,83,0,0,0,0,0,0,0,0,4930798
14000000,3,92,0,0,0,0,0,0,0,0,49122319
14000000,3,92,0,0,0,0,0,0,0,0,49122319
9000000,3,106,1,1,0,0,0,0,0,1,6262942
175000000,3,128,1,1,0,0,0,0,0,1,38297305
170000000,3,112,1,1,0,0,0,0,0,0,206360018
225000000,3,143,1,1,0,0,0,0,0,0,291021565
190000000,3,123,1,1,0,0,0,0,0,0,202351611
120000000,3,124,1,1,0,0,0,0,0,0,89021735
40000000,3,125,1,1,0,0,0,0,0,0,26616999
130000000,3,100,1,1,0,0,0,0,0,0,60522097
200000000,3,195,1,1,0,0,0,0,0,0,408992272
190000000,3,131,1,1,0,0,0,0,0,0,101785482
190000000,3,132,1,1,0,0,0,0,0,0,228756232
130000000,3,122,1,1,0,0,0,0,0,0,122512052
120000000,3,138,1,1,0,0,0,0,0,0,132550960
215000000,3,150,1,1,0,0,0,0,0,0,89289910
40000000,4,121,1,0,0,1,0,0,0,1,125069696
28000000,4,103,1,0,0,0,1,1,0,0,28751715
43000000,4,123,1,0,0,0,1,1,0,0,159578352
61000000,4,109,1,0,0,0,1,1,0,1,75573300
84000000,3,116,1,0,0,0,1,1,0,0,53215979
130000000,3,96,1,0,0,0,1,0,0,0,33592415
30000000,4,118,1,0,0,0,0,1,0,1,10880926
60000000,4,113,1,0,0,0,0,1,0,1,45996718
22000000,4,100,1,0,0,0,0,1,0,1,19783777
50000000,4,115,1,0,0,0,0,1,0,0,25121291
35000000,4,118,1,0,0,0,0,1,0,0,17609982
18000000,3,90,1,0,0,0,0,1,0,0,10494494
45000000,4,107,1,0,0,0,0,1,0,0,12026670
115000000,4,109,1,0,0,0,0,0,0,1,93050117
15000000,3,112,1,0,0,0,0,0,0,1,42919096
150000000,3,131,1,0,0,0,0,0,0,1,73103784
110000000,3,114,1,0,0,0,0,0,0,0,61656849
38000000,4,127,1,0,0,0,0,0,0,0,41997790
92000000,4,101,1,0,0,0,0,0,0,0,67344392
70000000,4,119,1,0,0,0,0,0,0,0,98895417
55000000,2,91,0,1,1,0,1,0,0,0,55747724
200000000,1,104,0,1,1,0,1,0,0,0,268488329
135000000,2,98,0,1,1,0,1,0,0,0,187165546
105000000,2,105,0,1,1,0,1,0,0,0,71017784
150000000,2,102,0,1,1,0,1,0,0,0,400736600
40000000,2,89,0,1,1,0,1,0,0,0,57011847
135000000,2,96,0,1,1,0,1,0,0,0,83024900
80000000,2,87,0,1,1,0,0,0,0,0,36073232
100000000,2,102,0,1,1,0,0,0,0,0,107515297
70000000,2,88,0,1,1,0,0,0,0,0,8460990
12000000,4,115,0,1,0,0,1,0,0,1,17613460
90000000,2,114,0,1,0,0,1,0,0,1,58229120
215000000,2,130,0,1,0,0,0,0,0,0,234903076
90000000,2,106,0,1,0,0,0,0,0,0,68558662
195000000,3,114,0,1,0,0,0,0,0,0,65171860
225000000,3,186,0,1,0,0,0,0,0,0,258355354
6000000,4,100,0,1,0,0,0,0,0,0,7186670
130000000,3,146,0,1,0,0,0,0,0,0,424645577
78000000,2,95,0,0,1,0,1,0,0,0,119793567
76000000,2,98,0,0,1,0,1,0,0,0,368049635
100000000,4,240,0,0,0,1,1,1,0,1,116866727
35000000,3,125,0,0,0,1,1,0,0,1,83299761
30000000,3,132,0,0,0,1,0,0,0,1,116631310
5000000,4,117,0,0,0,1,0,0,0,1,27296514
20000000,4,134,0,0,0,1,0,0,0,1,56667870
900000,4,85,0,0,0,1,0,0,0,1,16097842
40000000,3,128,0,0,0,1,0,0,0,1,95001343
55000000,3,134,0,0,0,1,0,0,0,1,107100855
28000000,4,128,0,0,0,1,0,0,0,1,3254172
50000000,3,143,0,0,0,0,1,0,0,0,2175312
8500000,3,96,0,0,0,0,1,0,0,0,21564616
80000000,3,101,0,0,0,0,1,0,0,0,133668525
20000000,3,88,0,0,0,0,1,0,0,0,32014289
30000000,3,100,0,0,0,0,1,0,0,0,22525921
58000000,3,125,0,0,0,0,1,0,0,0,44665963
13000000,4,93,0,0,0,0,1,0,0,0,25675765
15000000,4,102,0,0,0,0,1,0,0,0,101978840
6000000,4,94,0,0,0,0,1,0,0,0,8828771
35000000,4,89,0,0,0,0,1,0,0,0,21784432
35000000,4,120,0,0,0,0,1,1,0,0,134455175
37000000,4,118,0,0,0,0,1,1,0,0,150368971
26000000,4,129,0,0,0,0,1,1,0,1,49874933
200000,6,88,0,0,0,0,1,1,0,1,59379
2500000,4,75,0,0,0,0,1,0,1,0,32230907
25000000,3,100,0,0,0,0,1,0,0,1,52528330
26000000,3,105,0,0,0,0,1,0,0,1,30659817
5000000,3,103,0,0,0,0,1,0,0,1,21501098
10000000,4,89,0,0,0,0,1,0,0,1,7764027
17000000,4,123,0,0,0,0,1,0,0,1,70492685
13000000,3,107,0,0,0,0,1,0,0,1,18004225
8000000,3,93,0,0,0,0,1,0,0,1,17536788
3000000,4,90,0,0,0,0,1,0,0,1,24475193
2500000,4,95,0,0,0,0,1,0,0,1,6851969
2500000,4,86,0,0,0,0,1,0,0,0,40041683
32000000,4,107,0,0,0,0,1,0,0,0,101470202
35000000,3,98,0,0,0,0,1,0,0,0,66359959
28000000,3,105,0,0,0,0,1,0,0,0,63910583
15000000,3,95,0,0,0,0,1,0,0,0,9123834
1500000,4,104,0,0,0,0,1,0,0,0,3447339
40000000,3,113,0,0,0,0,1,0,0,0,29802761
40000000,4,138,0,0,0,0,0,1,0,1,150117807
46000000,4,153,0,0,0,0,0,1,0,1,60962878
1066167,4,90,0,0,0,0,0,1,0,1,258113
35000000,4,109,0,0,0,0,0,1,0,1,19692608
22000000,4,116,0,0,0,0,0,1,0,1,11326836
30000000,4,106,0,0,0,0,0,1,0,1,32154410
30000000,4,106,0,0,0,0,0,1,0,1,32154410
25000000,4,138,0,0,0,0,0,1,0,1,16969390
75000000,3,125,0,0,0,0,0,1,0,0,117698894
30000000,4,88,0,0,0,0,0,1,0,0,19316646
13000000,4,94,0,0,0,0,0,1,0,0,51872378
10000000,2,106,0,0,0,0,0,0,1,0,28873374
1000000,3,91,0,0,0,0,0,0,1,0,4946250
18000000,3,98,0,0,0,0,0,0,0,1,33404871
18000000,3,111,0,0,0,0,0,0,0,1,13362308
25000000,4,121,0,0,0,0,0,0,0,1,37738400
4000000,4,117,0,0,0,0,0,0,0,1,371897
17500000,2,93,0,0,0,0,0,0,0,1,7017178
30000000,4,100,0,0,0,0,0,0,0,1,35266619
60000000,3,124,0,0,0,0,0,0,0,1,19445217
20000000,3,110,0,0,0,0,0,0,0,1,8888355
8000000,4,104,0,0,0,0,0,0,0,1,16168741
11000000,4,104,0,0,0,0,0,0,0,1,13214255
3000000,4,109,0,0,0,0,0,0,0,1,8114507
16000000,4,120,0,0,0,0,0,0,0,1,1984743
23000000,4,126,0,0,0,0,0,0,0,1,25556065
28000000,3,115,0,0,0,0,0,0,0,1,71346930
1200000,3,113,0,0,0,0,0,0,0,1,2859955
250000,4,99,0,0,0,0,0,0,0,1,49494
19000000,3,131,0,0,0,0,0,0,0,1,21483154
60000000,3,130,0,0,0,0,0,0,0,0,31165421
5000000,3,106,0,0,0,0,0,0,0,0,83574831
17000000,4,96,0,0,0,0,0,0,0,0,54239856
5000000,4,104,0,0,0,0,0,0,0,0,27689474
20000000,4,112,0,0,0,0,0,0,0,0,137387272
3000000,4,85,0,0,0,0,0,0,0,0,64423650
11000000,4,92,0,0,0,0,0,0,0,0,34334256
100000000,3,101,1,1,0,0,0,0,0,0,72660029
100000000,3,101,1,1,0,0,0,0,0,0,72660029
4500000,4,103,1,1,0,0,0,0,0,0,8691
165000000,2,102,1,1,1,0,1,0,0,1,222487711
145000000,2,102,1,1,1,0,1,0,0,0,176997107
125000000,3,101,1,1,0,0,1,0,0,0,190871240
125000000,3,101,1,1,0,0,1,0,0,0,190871240
125000000,3,138,1,1,0,0,0,0,0,1,101160529
170000000,3,130,1,1,0,0,0,0,0,1,208543795
180000000,2,97,1,1,0,0,0,0,0,0,241407328
95000000,3,102,1,1,0,0,0,0,0,0,17176900
70000000,3,99,1,1,0,0,0,0,0,0,18821279
200000000,3,142,1,1,0,0,0,0,0,0,202853933
200000000,3,149,1,1,0,0,0,0,0,0,233914986
170000000,3,136,1,1,0,0,0,0,0,0,259746958
178000000,3,113,1,1,0,0,0,0,0,0,100189501
170000000,3,121,1,1,0,0,0,0,0,0,333130696
210000000,3,165,1,1,0,0,0,0,0,0,245428137
90000000,3,131,1,1,0,0,0,0,0,0,39292022
58800000,4,133,1,0,0,1,0,0,0,1,350123553
50000000,4,112,1,0,0,0,1,1,0,0,191616238
25000000,3,99,1,0,0,0,1,1,0,0,134141530
66000000,3,132,1,0,0,0,0,1,0,1,43568507
20000000,4,125,1,0,0,0,0,1,0,1,5749134
35000000,4,109,1,0,0,0,0,1,0,1,10499968
100000000,3,117,1,0,0,0,0,1,0,0,58607007
100000000,3,117,1,0,0,0,0,1,0,0,58607007
65000000,4,102,1,0,0,0,0,1,0,0,13750556
55000000,4,132,1,0,0,0,0,1,0,0,101530738
15000000,4,108,1,0,0,0,0,1,0,0,24984868
70000000,3,92,1,0,0,0,0,0,0,1,55942830
16000000,3,110,1,0,0,0,0,0,0,1,13998282
110000000,4,102,1,0,0,0,0,0,0,1,106369117
28000000,3,123,1,0,0,0,0,0,0,1,30688364
60000000,3,105,1,0,0,0,0,0,0,1,50549107
68000000,4,134,1,0,0,0,0,0,0,1,85707116
9000000,4,103,1,0,0,0,0,0,0,0,71519230
34000000,3,113,1,0,0,0,0,0,0,0,102413606
50000000,3,89,1,0,0,0,0,0,0,0,47553512
132000000,2,92,0,1,1,0,1,0,0,0,83348920
60000000,2,96,0,1,1,0,1,0,0,0,50807639
50000000,2,95,0,1,1,0,1,0,0,0,50150619
103000000,1,101,0,1,1,0,1,0,0,0,131536019
145000000,2,92,0,1,1,0,1,0,0,0,111505642
15000000,4,115,0,1,0,1,0,0,0,1,37877959
25000000,4,99,0,1,0,0,1,1,0,1,59073773
50000000,2,119,0,1,0,0,1,1,0,0,51178893
50000000,2,125,0,1,0,0,1,0,0,1,127997349
127000000,2,98,0,1,0,0,1,0,0,0,113733726
165000000,3,169,0,1,0,0,0,0,0,1,187991439
13000000,2,91,0,1,0,0,0,0,0,0,38916903
85000000,3,139,0,1,0,0,0,0,0,0,150832203
125000000,3,123,0,1,0,0,0,0,0,0,337103873
5000000,4,112,0,0,0,1,0,1,0,1,2445646
10000000,3,106,0,0,0,1,0,1,0,1,14479776
12000000,2,99,0,0,0,1,0,0,0,1,91443253
5000000,4,103,0,0,0,1,0,0,0,1,3093491
22000000,3,170,0,0,0,1,0,0,0,1,59696176
30000000,3,139,0,0,0,1,0,0,0,1,30513940
40000000,4,134,0,0,0,1,0,0,0,1,47034272
25000000,2,124,0,0,0,1,0,0,0,1,36447959
65000000,3,137,0,0,0,1,0,0,0,1,115603980
600000,6,93,0,0,0,0,1,0,0,0,35688
5000000,2,98,0,0,0,0,1,0,0,0,10429707
35000000,3,109,0,0,0,0,1,0,0,0,86208010
17000000,4,104,0,0,0,0,1,0,0,0,82389560
18000000,4,97,0,0,0,0,1,0,0,0,150056505
40000000,4,94,0,0,0,0,1,0,0,0,38543473
20000000,4,100,0,0,0,0,1,0,0,0,84518155
44000000,4,112,0,0,0,0,1,0,0,0,6105175
42000000,4,116,0,0,0,0,1,1,0,0,54414716
20000000,4,148,0,0,0,0,1,1,0,1,8093318
22000000,2,122,0,0,0,0,1,0,0,1,54235441
13000000,3,102,0,0,0,0,1,0,0,1,44134898
70000,4,82,0,0,0,0,1,0,0,1,30084
19800000,4,103,0,0,0,0,1,0,0,1,34290142
10000000,4,97,0,0,0,0,1,0,0,1,7574066
6000000,4,106,0,0,0,0,1,0,0,1,3588432
65000000,2,118,0,0,0,0,1,0,0,1,85911262
3000000,4,102,0,0,0,0,1,0,0,1,1821983
5000000,4,105,0,0,0,0,1,0,0,1,37440
18000000,3,94,0,0,0,0,1,0,0,1,15155772
18000000,4,119,0,0,0,0,1,0,0,1,42335698
28000000,2,81,0,0,0,0,1,0,0,0,66950483
4000000,4,86,0,0,0,0,1,0,0,0,17314483
40000000,3,117,0,0,0,0,1,0,0,0,46280507
40000000,3,109,0,0,0,0,1,0,0,0,83906114
24000000,3,106,0,0,0,0,1,0,0,0,65182182
12500000,4,100,0,0,0,0,1,0,0,0,48637684
8000000,4,94,0,0,0,0,1,0,0,0,26049082
12000000,4,102,0,0,0,0,1,0,0,0,25277561
40000000,4,136,0,0,0,0,1,0,0,0,42615685
50000000,4,141,0,0,0,0,0,1,0,1,47105085
28000000,4,114,0,0,0,0,0,1,0,1,25977365
61000000,4,149,0,0,0,0,0,1,0,1,167735396
8500000,4,117,0,0,0,0,0,1,0,1,32279955
25000000,4,111,0,0,0,0,0,1,0,1,33631221
25000000,4,111,0,0,0,0,0,1,0,1,33631221
13200000,3,84,0,0,0,0,0,1,0,0,52543632
9000000,3,121,0,0,0,0,0,0,0,1,21569041
5000000,3,101,0,0,0,0,0,0,0,1,18656400
4000000,4,165,0,0,0,0,0,0,0,1,25359200
36000000,2,107,0,0,0,0,0,0,0,1,42019483
15000000,2,115,0,0,0,0,0,0,0,1,30127963
11000000,3,107,0,0,0,0,0,0,0,1,50461335
60000000,3,118,0,0,0,0,0,0,0,1,22451
7000000,3,116,0,0,0,0,0,0,0,1,14612840
6000000,3,86,0,0,0,0,0,0,0,1,20200
3300000,4,107,0,0,0,0,0,0,0,1,13092000
5000000,3,99,0,0,0,0,0,0,0,1,830210
20000000,3,104,0,0,0,0,0,0,0,1,23393765
26000000,3,118,0,0,0,0,0,0,0,1,26761283
12000000,3,133,0,0,0,0,0,0,0,1,124868837
25000000,4,110,0,0,0,0,0,0,0,1,28831145
5000000,4,106,0,0,0,0,0,0,0,1,17382982
70000000,3,118,0,0,0,0,0,0,0,1,78031620
16000000,4,122,0,0,0,0,0,0,0,1,2428883
5000000,3,89,0,0,0,0,0,0,0,0,50820940
5000000,4,101,0,0,0,0,0,0,0,0,32453345
6500000,4,99,0,0,0,0,0,0,0,0,84263837
7000000,4,89,0,0,0,0,0,0,0,0,15818967
2000000,4,100,0,0,0,0,0,0,0,0,14673301
5000000,4,93,0,0,0,0,0,0,0,0,21197315
30000000,4,118,0,0,0,0,0,0,0,0,30523568
1000000,4,83,0,0,0,0,0,0,0,0,31537320
300000,4,95,0,0,0,0,0,0,0,0,2468
100000000,3,122,1,1,0,1,0,0,0,1,24985612
75000000,3,116,1,1,0,0,1,0,0,0,45434443
130000000,3,117,1,1,0,0,1,0,0,0,180191634
110000000,3,114,1,1,0,0,0,0,0,1,155181732
190000000,2,130,1,1,0,0,0,0,0,0,93417865
90000000,3,106,1,1,0,0,0,0,0,0,27356090
250000000,3,141,1,1,0,0,0,0,0,0,458991599
120000000,3,100,1,1,0,0,0,0,0,0,56114221
176000000,3,127,1,1,0,0,0,0,0,0,47375327
155000000,3,126,1,1,0,0,0,0,0,0,89732035
150000000,3,124,1,1,0,0,0,0,0,0,652177271
74000000,2,91,1,0,0,0,1,0,0,0,336029560
88000000,3,106,1,0,0,0,1,0,0,0,78747585
30000000,2,94,1,0,0,0,1,1,0,0,71038190
35000000,3,87,1,0,0,0,1,1,0,0,34507079
70000000,4,133,1,0,0,0,0,1,0,1,7097125
30000000,4,121,1,0,0,0,0,1,0,1,46875468
40000000,4,115,1,0,0,0,0,1,0,1,10640645
49000000,4,120,1,0,0,0,0,1,0,1,31569268
50000000,4,114,1,0,0,0,0,1,0,1,26442251
105000000,3,114,1,0,0,0,0,1,0,0,28772222
190000000,3,140,1,0,0,0,0,1,0,0,350034110
26000000,3,117,1,0,0,0,0,0,0,0,12276810
61000000,3,132,1,0,0,0,0,0,0,0,81687587
5000000,4,103,1,0,0,0,0,0,0,0,27285953
175000000,2,95,0,1,1,0,1,0,0,1,356454367
99000000,1,88,0,1,1,0,1,0,0,0,130174897
74000000,2,92,0,1,1,0,1,0,0,0,162495848
90000000,2,92,0,1,1,0,1,0,0,0,85884815
135000000,2,94,0,1,1,0,1,0,0,0,177343675
35000000,2,123,0,1,0,1,0,0,0,1,10137502
31000000,4,99,0,1,0,0,1,0,0,0,58879132
58000000,2,103,0,1,0,0,1,0,0,0,80021740
108000000,3,151,0,1,0,0,0,0,0,1,228430993
135000000,4,156,0,1,0,0,0,0,0,1,183635922
20000000,2,111,0,1,0,0,0,0,0,0,42652003
150000000,2,111,0,1,0,0,0,0,0,0,34964818
160000000,3,137,0,1,0,0,0,0,0,0,281666058
110000000,3,119,0,1,0,0,0,0,0,0,129995817
8000000,4,90,0,0,1,0,1,0,0,1,3442820
80000000,2,89,0,0,1,0,1,0,0,0,169692572
60000000,3,124,0,0,0,1,1,0,0,1,56443482
28000000,4,130,0,0,0,1,1,0,0,1,70235322
53000000,4,123,0,0,0,1,0,1,0,1,62563543
20000000,4,128,0,0,0,1,0,1,0,1,44988180
28000000,4,167,0,0,0,1,0,1,0,1,161029270
7000000,3,103,0,0,0,1,0,0,0,1,532988
20000000,2,118,0,0,0,1,0,0,0,1,2246000
17000000,2,129,0,0,0,1,0,0,0,1,44469602
17000000,3,107,0,0,0,0,1,0,0,0,26284475
8500000,3,101,0,0,0,0,1,0,0,0,34017854
68000000,4,125,0,0,0,0,1,0,0,0,81257500
35000000,4,91,0,0,0,0,1,0,0,0,10214013
40000000,4,107,0,0,0,0,1,1,0,0,90353764
7000000,4,103,0,0,0,0,1,1,0,1,17474107
50100000,4,105,0,0,0,0,1,1,0,1,53846915
35000000,3,121,0,0,0,0,1,0,0,1,75274748
20000000,4,101,0,0,0,0,1,0,0,1,13650738
28000000,4,107,0,0,0,0,1,0,0,1,6998324
10000000,4,106,0,0,0,0,1,0,0,1,5348317
14800000,4,115,0,0,0,0,1,0,0,1,66009973
37000000,3,105,0,0,0,0,1,0,0,1,20991497
50000000,3,96,0,0,0,0,1,0,0,0,150315155
15000000,3,98,0,0,0,0,1,0,0,0,42592530
29000000,3,115,0,0,0,0,1,0,0,0,183436380
14000000,4,99,0,0,0,0,1,0,0,0,12282677
2100000,4,125,0,0,0,0,0,1,0,1,3330
44000000,4,187,0,0,0,0,0,1,0,1,54116191
2000000,3,97,0,0,0,0,0,1,0,1,2557668
5000000,4,95,0,0,0,0,0,1,0,0,3219029
5000000,3,121,0,0,0,0,0,0,0,1,4700361
2300000,3,120,0,0,0,0,0,0,0,1,12985267
12000000,4,111,0,0,0,0,0,0,0,1,14616
1900000,4,89,0,0,0,0,0,0,0,1,444044
13500000,4,129,0,0,0,0,0,0,0,1,186354
95000000,2,105,0,0,0,0,0,0,0,1,201148159
25000000,3,112,0,0,0,0,0,0,0,1,42478175
40000000,3,142,0,0,0,0,0,0,0,1,72306065
8500000,3,95,0,0,0,0,0,0,0,1,131175
40000000,3,110,0,0,0,0,0,0,0,1,5773519
12000000,3,109,0,0,0,0,0,0,0,1,31990064
34000000,3,128,0,0,0,0,0,0,0,1,37432299
10000000,4,122,0,0,0,0,0,0,0,1,531009
40000000,4,129,0,0,0,0,0,0,0,1,166147885
2000000,4,102,0,0,0,0,0,0,0,1,1477002
1000000,4,97,0,0,0,0,0,0,0,1,62480
35000000,3,133,0,0,0,0,0,0,0,1,109712885
30000000,4,124,0,0,0,0,0,0,0,1,52418902
3500000,4,92,0,0,0,0,0,0,0,0,25138292
10000000,4,97,0,0,0,0,0,0,0,0,27736779
3300000,3,83,0,0,0,0,0,0,0,0,25799043
8495000,3,91,0,0,0,0,0,0,0,0,1712111
5000000,3,94,0,0,0,0,0,0,0,0,65069140
100000,4,81,0,0,0,0,0,0,0,0,22757819
4000000,4,91,0,0,0,0,0,0,0,0,35385560
5000000,4,108,0,0,0,0,0,0,0,0,43771291
12000000,3,106,0,0,0,0,0,0,0,0,22331028
145000000,2,95,1,1,1,0,1,0,0,0,143523463
90000000,3,129,1,1,0,0,1,1,0,0,64685359
58000000,4,108,1,1,0,0,1,0,0,0,363024263
175000000,3,123,1,1,0,0,1,0,0,0,161087183
135000000,3,112,1,1,0,0,1,0,0,0,81638674
115000000,3,120,1,1,0,0,0,0,0,1,47952020
20000000,3,107,1,1,0,0,0,0,0,1,36874745
180000000,3,110,1,1,0,0,0,0,0,1,124051759
140000000,3,126,1,1,0,0,0,0,0,0,31141074
160000000,3,123,1,1,0,0,0,0,0,0,46978995
110000000,3,120,1,1,0,0,0,0,0,0,66002193
250000000,3,183,1,1,0,0,0,0,0,0,330249062
250000000,3,147,1,1,0,0,0,0,0,0,407197282
165000000,3,120,1,1,0,0,0,0,0,0,102315545
178000000,3,144,1,1,0,0,0,0,0,0,154985087
185000000,3,122,1,1,0,0,0,0,0,0,130468626
38000000,3,112,1,1,0,0,0,0,0,0,34912982
73000000,2,97,1,0,0,0,1,0,0,0,107225164
50000000,4,139,1,0,0,1,0,0,0,1,20389967
40000000,3,102,1,0,0,0,1,0,0,0,90835030
15000000,4,100,1,0,0,0,1,0,0,0,20566327
50000000,3,107,1,0,0,0,1,1,0,0,126088877
144000000,3,116,1,0,0,0,1,0,0,0,118099659
20000000,4,115,1,0,0,0,0,1,0,1,12626905
50000000,4,144,1,0,0,0,0,0,0,1,52822418
25000000,4,98,1,0,0,0,0,0,0,1,1512815
28000000,3,108,1,0,0,0,0,0,0,0,10907291
20000000,3,96,0,1,0,0,0,1,0,0,28876924
170000000,2,113,0,1,0,0,0,0,0,0,76846624
50000000,3,102,0,0,0,0,1,0,0,0,28837115
20000000,4,100,0,0,0,0,1,0,0,0,55461307
11500000,4,109,0,0,0,0,1,0,0,0,35537564
5000000,4,92,0,0,0,0,1,0,0,0,11675178
35000000,4,92,0,0,0,0,1,0,0,0,55291815
29000000,4,99,0,0,0,0,1,0,0,0,63034755
18000000,3,94,0,0,0,0,1,0,0,0,59573085
38000000,4,110,0,0,0,0,1,0,0,0,46813366
5000000,4,96,0,0,0,0,1,0,0,0,9658370
27000000,4,98,0,0,0,0,0,1,0,1,41008532
5000000,2,120,0,0,0,0,0,0,0,1,20773070
13000000,2,109,0,0,0,0,0,0,0,1,61693523
18500000,3,111,0,0,0,0,0,0,0,1,6462576
15000000,3,104,0,0,0,0,0,0,0,1,71897215
17000000,3,86,0,0,0,0,0,0,0,1,54257433
4900000,3,81,0,0,0,0,0,0,0,0,56536016
10000000,3,97,0,0,0,0,0,0,0,0,35794166
10000000,3,93,0,0,0,0,0,0,0,0,26583369
40000000,4,134,0,0,0,0,0,0,0,0,102310175
