budget,content_rating,duration,gross
125000000,3,125,107285004
80000000,3,126,162831698
3000000,4,87,1200000
30000000,4,111,70098138
15000000,4,107,15608545
28000000,2,118,179870271
18000000,2,115,242374454
150000000,3,128,205343774
35000000,3,126,251188924
21000000,3,87,480314
100000000,3,101,72660029
100000000,3,101,72660029
35000000,3,132,56876365
4500000,4,103,8691
70000000,2,95,13596911
165000000,2,102,222487711
70000000,2,90,23159305
90000000,2,94,196573705
150000000,2,90,165230261
145000000,2,95,143523463
130000000,2,92,215395021
150000000,2,89,179982968
145000000,2,102,176997107
80000000,2,115,195329763
130000000,2,90,149234747
150000000,2,88,119420252
30000000,1,82,80920948
150000000,2,88,21379315
175000000,2,94,198332128
750000,4,86,5518918
30000000,3,79,31743332
92000000,2,115,261437578
80000000,2,101,55673333
120000000,2,95,84037039
5000000,2,82,9628751
75000000,2,94,22751979
150000000,3,115,82161969
137000000,3,106,32131830
100000000,3,122,24985612
110000000,2,120,24004159
98000000,3,124,11000000
80000000,3,110,130313314
50000000,3,114,60470220
50000000,3,107,80270227
75000000,3,116,45434443
70000000,4,100,17218080
9400000,1,197,46300000
45000000,2,101,8129455
60000000,2,89,66734992
33000000,3,95,205399422
120000000,3,107,100685880
25000000,4,98,44455658
26000000,2,102,47285499
40000000,4,104,21413502
90000000,3,129,64685359
92000000,3,94,125305545
2000000,3,91,124494
34000000,4,102,11227940
48000000,4,114,60652036
110000000,2,108,250863268
140000000,3,88,190418803
79000000,2,94,103812241
17000000,2,96,42660000
65000000,2,101,28045540
225000000,3,106,179020854
100000000,2,131,173005002
55000000,2,92,105263257
26000000,2,100,23222861
75000000,2,110,97360069
38000000,2,100,85570368
38000000,2,84,111760631
27000000,2,89,38536376
35000000,2,88,112692062
25000000,2,88,78656813
40000000,3,108,53955614
25000000,3,99,11100000
70000000,3,130,50016394
25000000,3,94,79817937
88000000,3,118,37899638
51000000,3,107,14375181
3000000,3,81,3293258
70000000,3,98,74329966
35000000,2,110,16295774
58000000,4,108,363024263
70000000,3,112,70224196
65000000,3,136,93771072
130000000,3,117,180191634
175000000,3,123,161087183
135000000,3,112,81638674
125000000,3,101,190871240
125000000,3,101,190871240
26000000,2,94,36985501
70000000,3,116,30157016
70000000,3,97,33105600
85000000,3,104,47592825
55000000,3,110,56932305
34000000,4,124,23360779
44000000,3,130,183875760
25000000,4,105,17100000
25000000,3,93,32055248
125000000,3,129,186830669
90000000,3,128,209019489
50000000,3,110,18472363
80000000,3,117,116643346
45000000,3,111,46815748
87000000,3,101,26082914
25000000,4,116,121248145
40000000,4,116,30199105
60000000,4,124,54910560
9000000,3,106,6262942
125000000,3,138,101160529
175000000,3,128,38297305
170000000,3,132,155111815
115000000,3,120,47952020
94000000,3,192,377019252
94000000,3,172,340478898
200000000,3,156,105219735
20000000,4,107,305070
150000000,3,138,93926386
58000000,3,125,49875589
130000000,4,194,47396698
20000000,3,107,36874745
48000000,3,155,165500000
180000000,3,110,124051759
55000000,2,188,134218018
40000000,4,117,72455275
170000000,3,130,208543795
80000000,4,177,17593391
45000000,3,111,92001027
80000000,3,114,32885565
45000000,3,113,21009180
160000000,3,98,60655503
110000000,3,114,155181732
140000000,3,130,182618434
92000000,3,113,241688385
75000000,3,124,68473360
85000000,4,124,172620724
80000000,4,118,94822707
25000000,4,117,51533608
40000000,4,139,50859889
12000000,4,110,70011073
38000000,3,110,623374
780000,3,90,1310270
100000000,2,104,75030163
50000000,2,93,39177541
225000000,2,150,141614023
150000000,2,103,131564731
150000000,2,109,63143812
180000000,2,97,241407328
45000000,2,93,101702060
65000000,2,98,67128202
90000000,2,114,50628009
135000000,2,107,77564037
190000000,2,130,93417865
35000000,2,83,11631245
80000000,3,130,69102910
18000000,2,103,26400000
18000000,2,108,6000000
35000000,2,101,6448817
100000000,3,121,184031112
125000000,3,106,163192114
125000000,3,106,163192114
57000000,3,103,51317350
140000000,3,126,31141074
185000000,3,122,317011114
48000000,3,127,197171806
95000000,3,117,65653758
300000000,3,169,309404152
225000000,3,151,423032628
250000000,3,136,241063875
140000000,3,143,305388685
95000000,3,102,17176900
230000000,3,153,262030663
55000000,3,104,25040293
90000000,3,106,27356090
70000000,3,99,18821279
170000000,3,112,206360018
150000000,3,115,181015141
160000000,3,123,46978995
150000000,3,99,83640426
25000000,4,92,1550000
85000000,3,120,75754670
65000000,4,122,52397389
145000000,3,112,102176165
200000000,3,116,90755643
200000000,3,135,373377893
139000000,3,121,403706375
115000000,2,136,474544677
115000000,2,142,310675583
11000000,2,125,460935665
18000000,2,127,290158751
32500000,2,134,309125409
237000000,3,178,760505847
6000000,3,107,869325
225000000,3,143,291021565
113000000,3,140,380262555
200000000,3,142,202853933
78000000,3,110,66462600
15000000,4,101,12801190
45000000,2,100,9353573
22000000,3,104,5974653
30000000,3,95,35927406
18000000,3,101,70360285
60000000,3,101,43060566
7500000,3,100,12610552
150000000,3,119,179883016
200000000,3,149,233914986
50000000,4,102,62318875
35000000,4,92,45802315
40000000,3,109,13838130
115000000,3,100,131144183
98000000,3,130,202007640
60000000,3,100,90341670
85000000,4,102,32694788
25000000,3,85,80034302
45000000,4,106,11146409
30000000,3,89,21426805
190000000,3,123,202351611
45000000,3,89,65557989
25000000,3,97,31526393
50000000,3,109,81022333
120000000,3,124,89021735
70000000,2,106,37760080
35000000,2,118,75668868
110000000,3,120,66002193
65000000,3,144,56083966
258000000,3,156,336530303
54000000,2,116,108200000
40000000,3,125,26616999
126000000,3,136,35799026
68000000,3,116,61355436
55000000,3,134,37600435
9000000,2,119,25000000
11000000,2,116,78900000
17000000,2,105,76400000
170000000,2,125,172051787
200000000,3,158,166112167
130000000,3,100,60522097
250000000,3,141,458991599
250000000,3,183,330249062
44000000,3,119,21471685
250000000,3,147,407197282
140000000,3,124,176636816
170000000,3,136,259746958
40000000,3,177,27400000
178000000,3,113,100189501
120000000,3,100,56114221
200000000,3,123,116593191
170000000,3,121,333130696
165000000,3,120,102315545
75000000,3,154,306124059
200000000,3,124,312057433
200000000,3,195,408992272
140000000,3,126,318298180
263700000,3,132,73058679
176000000,3,127,47375327
190000000,3,131,101785482
190000000,3,132,228756232
150000000,3,127,257704099
209000000,3,169,200069408
155000000,3,126,89732035
200000000,3,118,125320003
220000000,3,173,623279547
150000000,3,135,134518390
73000000,3,129,229074524
80000000,3,96,56684819
80000000,3,116,19480739
210000000,3,165,245428137
195000000,3,154,352358779
200000000,3,150,402076689
150000000,3,144,318759914
30000000,3,100,11576087
178000000,3,144,154985087
160000000,3,132,146405371
75000000,3,104,157299717
18500000,4,154,85200000
130000000,2,92,131920333
27800000,2,107,55210049
30000000,2,110,74888996
58000000,2,103,70117571
140000000,3,153,201573391
209000000,3,131,65173160
130000000,3,122,122512052
175000000,3,118,150167630
60000000,3,109,55092830
160000000,3,148,292568851
85000000,3,88,80170146
93000000,3,92,181166115
150000000,3,124,652177271
100000000,3,119,180011740
100000000,3,119,180011740
40000000,3,119,25335935
185000000,3,122,130468626
60000000,3,116,43119879
135000000,3,121,31704416
38000000,3,112,34912982
105000000,3,134,57637485
60000000,3,135,31111260
125000000,3,124,186739919
120000000,3,138,132550960
175000000,3,176,88246220
50000000,4,101,25407250
40000000,4,107,52000688
21000000,2,136,46700000
30000000,2,135,122012643
116000000,3,108,67155742
110000000,3,129,134520804
145000000,3,133,209364921
125000000,3,123,215397307
150000000,3,124,133382309
80000000,3,110,180965237
65000000,3,130,90454043
125000000,3,135,113165635
90000000,3,131,39292022
70000000,3,132,141204016
70000000,4,124,84049211
90000000,4,128,100012500
55000000,4,133,68750000
50000000,4,101,38590500
92000000,4,103,85017401
80000000,4,113,102981571
75000000,4,136,134006721
63000000,4,87,53715611
44000000,4,96,150415432
18000000,2,98,8000000
75000000,2,129,45356386
100000000,3,136,67286731
215000000,3,150,89289910
17500000,2,80,51053787
73000000,2,97,107225164
130000000,2,95,148337537
74000000,2,91,336029560
88000000,3,106,78747585
30000000,4,129,537580
25000000,4,134,56505065
58800000,4,133,350123553
50000000,4,139,20389967
1100000,4,92,11806119
40000000,4,121,125069696
10000000,3,81,16033556
40000000,3,100,19118247
40000000,3,102,90835030
18000000,3,81,26906039
25000000,3,86,38230435
90000000,3,113,100018837
15000000,4,100,20566327
30000000,4,98,32774834
92000000,4,121,110416702
30000000,2,94,71038190
26000000,2,91,20819129
63000000,3,94,213079163
30000000,3,99,117559438
32000000,3,113,37911876
50000000,3,107,126088877
20000000,3,91,8104069
35000000,3,87,34507079
26000000,3,111,91457688
8200000,3,84,27979400
45000000,3,115,48472213
100000000,3,116,119219978
40000000,3,84,21176322
75000000,3,104,78009155
42000000,4,109,138447667
50000000,4,112,191616238
10000000,4,100,29392418
14000000,4,105,234760500
37000000,4,107,44867349
28000000,4,103,28751715
3000000,4,84,10017041
27000000,4,117,87341380
43000000,4,123,159578352
58000000,3,97,28328132
25000000,3,95,5654777
61000000,4,109,75573300
19000000,4,119,65807024
33000000,4,101,51758599
68000000,4,105,35324232
45000000,4,91,20400913
35000000,2,94,33357476
18000000,3,114,119938730
20000000,3,107,1183354
27000000,4,148,54200000
100000000,2,105,103738726
45000000,3,109,106807667
25000000,3,99,134141530
120000000,3,126,186336103
40000000,3,91,26404753
15000000,4,107,28014536
120000000,3,119,98780042
20000000,2,94,13801755
65000000,3,93,68208190
24000000,3,88,20218
75000000,3,116,30013346
84000000,3,116,53215979
58000000,3,111,90356857
90000000,3,90,226138454
140000000,3,91,140080850
42000000,4,125,15738632
7000000,4,96,20257000
14000000,4,95,25482931
130000000,4,147,138396624
28000000,4,100,153665036
55000000,4,104,42610000
30000000,4,126,38413606
25000000,4,97,41067398
8000000,4,79,2275557
55000000,4,97,63408614
13000000,4,91,27052167
20000000,4,101,117224271
10000000,3,109,33000000
9000000,4,96,27445
20000000,2,93,11784000
28000000,2,94,24268828
85000000,2,82,43575716
60000000,2,87,93375151
52000000,3,104,23020488
130000000,3,96,33592415
60000000,3,112,31494270
144000000,3,116,118099659
65000000,3,121,29655590
1000000,4,82,12996
30000000,3,99,17266505
27000000,4,82,31768374
2300000,4,96,792966
25000000,3,88,25615792
3500000,3,91,96793
117000000,3,117,76418654
40000000,3,110,67061228
65000000,3,103,54758461
2000000,4,100,13746550
10000000,4,95,8460995
75000000,3,100,47000485
70000000,3,106,37754208
100000000,3,95,4411102
60000000,3,98,50189179
25000000,4,104,4064333
68000000,4,102,34350553
35000000,3,82,25871834
170000000,3,106,113745408
42000000,2,105,45290318
73000000,3,122,148213377
115000000,4,141,146282411
10000000,4,107,578527
10000000,4,117,85300000
56000000,3,86,45860039
15000000,4,110,30102717
600000,3,106,171988
10000000,4,96,6044618
27000000,3,123,10297897
25000000,3,97,23527955
22000000,3,114,50728000
70000000,4,133,7097125
50000000,4,110,26199517
36000000,4,93,50129186
90000000,4,140,111544445
45000000,4,109,74484168
52000000,4,113,34636443
60000000,4,101,40076438
61000000,4,124,46975183
30000000,4,121,46875468
30000000,4,110,15156200
40000000,4,115,10640645
50000000,4,118,25450527
65000000,4,121,33328051
15000000,4,94,22189039
9000000,4,123,36049108
13000000,4,121,12281500
7000,4,81,2040920
49000000,4,120,31569268
30000000,4,119,66468315
20000000,4,94,12398628
30000000,3,109,10965209
62000000,3,141,122012710
66000000,3,132,43568507
20000000,3,84,15712072
185000000,3,152,533316061
15000000,3,106,35007180
42000000,4,120,24375436
36000000,4,109,26183197
20000000,4,125,5749134
50000000,4,121,50007168
20000000,4,109,19976073
25000000,4,109,66489425
30000000,4,101,34604054
30000000,4,118,10880926
24000000,4,98,23225911
60000000,4,113,45996718
40000000,4,102,14967182
70000000,4,97,19819494
2000000,4,116,3335839
22000000,4,100,19783777
30000000,4,137,66207920
70000000,4,146,77862546
60000000,4,111,32940507
60000000,4,111,32940507
50000000,4,90,81517441
35000000,4,103,7948159
50000000,4,114,26442251
35000000,4,109,10499968
35000000,4,96,183125
17000000,4,88,9286314
20000000,4,109,26415649
86000000,4,111,42877165
55000000,4,94,34238611
33000000,4,140,33682273
8500000,4,119,6047856
20000000,4,115,12626905
45000000,4,160,7916887
5000000,2,107,12200000
23000000,4,98,7434726
13000000,4,107,44726644
26000000,3,133,33200000
100000000,3,87,40198710
60000000,3,103,19781879
75000000,4,110,134568845
75000000,4,135,76081498
25000000,4,101,14095303
50000000,4,115,25121291
35000000,3,101,25863915
60000000,3,130,80033643
110000000,3,101,118311368
85000000,4,115,126149655
35000000,4,101,10268846
66000000,3,113,87704396
160000000,3,121,48068396
35000000,4,118,17609982
16000000,3,97,1686429
23500000,3,104,10696210
100000000,3,117,58607007
100000000,3,117,58607007
70000000,4,91,14294842
20000000,4,96,13630226
80000000,4,138,112225777
32000000,4,119,13763130
27000000,4,101,38122105
30000000,4,106,24048000
105000000,3,114,28772222
22000000,3,108,12232937
76000000,3,107,127083765
27000000,3,88,15988876
25000000,3,94,32003620
125000000,3,132,209805005
190000000,3,140,350034110
18000000,3,90,10494494
90000000,3,127,101643008
42000000,3,102,18600911
35000000,3,91,20275446
20000000,3,107,57744720
85000000,3,104,62494975
38000000,3,106,144512310
60000000,3,111,106126012
60000000,3,107,36279230
40000000,4,99,15279680
30000000,4,125,45645204
50000000,4,108,70450000
75000000,4,123,101087161
12000000,4,93,27829874
20000000,4,111,9525276
7000000,4,104,25625110
40000000,4,101,14942422
35000000,4,121,144731527
140000000,4,127,129734803
10500000,4,105,26589953
40000000,4,99,38105077
29000000,4,102,55845943
25000000,4,115,55973336
30000000,4,94,17120019
65000000,4,102,13750556
80000000,4,99,69772969
8000000,4,138,10269307
55000000,4,132,101530738
45000000,4,107,12026670
40000000,4,93,29113588
15000000,4,108,24984868
30000000,4,96,18967571
100000000,4,106,65452312
25000000,4,103,22466994
150000000,3,102,227946274
1000000,3,112,96734
6000000,3,99,3273588
350000,4,90,4000000
8000000,2,126,90800000
23000000,4,98,50693162
70000000,3,92,55942830
16000000,3,110,13998282
75000000,4,110,83503161
47000000,3,81,10539414
110000000,4,102,106369117
65000000,4,117,210592590
140000000,3,184,198539855
140000000,4,154,111110575
110000000,4,142,113330342
75000000,4,124,78120196
1100000,4,92,1400000
25000000,4,129,121945720
130000000,4,215,107503316
100000000,4,115,101228120
46000000,4,116,58918501
15000000,2,110,176781728
103000000,4,171,187670866
75000000,3,120,140459099
110000000,3,127,85463309
50000000,3,107,20550712
93000000,3,105,176740650
90000000,3,104,47474112
115000000,4,109,93050117
20000000,4,107,1190018
60000000,3,107,82670733
72000000,3,116,32616869
20000000,3,110,24848292
55000000,4,116,18573791
28000000,3,123,30688364
30000000,3,111,40247512
60000000,3,105,50549107
55000000,3,115,74540762
15000000,3,112,42919096
20000000,3,92,18843314
68000000,3,124,118471320
150000000,3,131,73103784
70000000,4,128,39380442
85000000,4,108,40048332
10000000,4,92,3060858
50000000,4,127,67823573
65000000,4,135,32598931
25000000,4,110,10324441
70000000,4,110,47456450
60000000,4,131,18208078
54000000,4,132,70496802
40000000,3,106,59068786
35000000,3,115,14587732
50000000,4,144,52822418
53000000,4,123,91400000
70000000,4,142,43426961
68000000,4,134,85707116
50000000,4,125,48154732
70000000,4,169,216119491
115000000,4,153,40911830
80000000,4,132,10166502
25000000,4,98,1512815
120000000,2,135,43929341
82000000,3,128,36381716
69000000,4,105,37516013
26000000,4,100,40168080
70000000,4,88,62321039
83000000,4,121,66862068
8000000,4,98,16115878
66000000,3,132,59035104
60000000,3,87,29136626
3000000,4,97,7282851
20000000,3,97,23292105
4500000,4,88,44793200
28000000,4,99,33000377
13000000,4,92,21088568
7000000,4,103,9094451
57000000,3,96,51774002
110000000,3,123,115802596
50000000,4,104,10706786
45000000,4,110,70001065
40000000,4,98,54967359
28000000,3,108,10907291
2700000,4,93,3500000
50000000,4,145,55473600
75000000,4,116,47748610
28000000,4,98,8434601
35000000,4,103,30669413
15000000,4,107,59735548
60000000,3,109,80281096
30000000,3,94,18500966
40000000,4,102,41797066
54000000,4,117,81645152
15000000,4,114,15100000
95000000,4,119,73209340
11000000,4,85,12610731
35000000,4,108,60054449
9000000,4,103,71519230
26000000,4,110,58885635
30000000,4,97,82163317
53000000,4,189,25031037
10000000,4,82,6842058
20000000,4,104,20241395
120000000,3,115,144795350
102000000,3,145,132014112
60000000,3,119,53789313
26000000,3,117,12276810
82000000,3,123,34543701
34000000,3,113,102413606
35000000,3,106,28064226
80000000,3,118,101111837
60000000,3,119,121468960
75000000,3,108,176049130
110000000,3,115,227137090
38000000,4,102,7659747
100000000,3,103,67631157
20000000,2,99,5333658
62000000,3,93,25857987
70000000,3,116,83552429
110000000,3,114,61656849
137000000,3,138,132122995
102000000,4,153,204843350
200000000,4,109,150350192
150000000,4,138,281492479
63000000,4,136,171383253
65000000,4,113,119412921
24000000,4,83,10431220
70000000,4,98,18990542
40000000,3,109,37553932
70000000,3,106,17473245
10000000,3,97,21371425
80000000,3,89,38542418
49000000,3,85,43905746
61000000,3,132,81687587
45000000,4,111,36064910
60000000,4,105,73648142
50000000,4,95,20488579
38000000,4,127,41997790
105000000,4,129,54700065
5600000,3,95,7009668
50000000,3,89,47553512
20000000,3,93,3749061
250000000,3,164,448130642
100000000,3,98,81557479
92000000,4,101,67344392
55000000,4,92,9483821
70000000,4,124,117541000
28000000,4,131,81350242
5000000,4,103,27285953
70000000,4,119,98895417
45000000,4,117,83287363
17000000,4,114,30050028
45000000,4,103,2154540
50000000,4,124,41256277
70000000,4,116,40932372
71000000,4,100,11466088
60000000,4,92,50024083
35000000,3,94,13264986
2000000,3,120,1098224
175000000,4,196,133228348
70000000,2,99,101217900
75000000,3,87,183132370
12000000,3,81,63071133
40000000,2,87,20999103
150000000,2,96,114053579
175000000,2,95,356454367
40000000,1,86,22717758
60000000,2,85,26288320
80000000,2,85,145771527
14000000,1,82,25571351
24000000,1,83,100491683
50000000,1,78,58336565
94000000,1,100,380838870
99000000,1,88,130174897
15000000,1,85,12701880
105000000,2,83,90646554
150000000,2,91,126597121
55000000,2,91,55747724
3000000,2,76,13684949
95000000,2,88,161317423
59000000,2,103,176387405
145000000,2,93,216366733
75000000,2,86,193136719
85000000,2,83,84303558
80000000,2,83,155019340
132000000,2,92,83348920
75000000,2,90,160762022
175000000,2,96,292979556
80000000,2,80,100169068
120000000,1,95,162792677
20000000,1,77,7382993
200000000,1,104,268488329
115000000,1,92,289907418
100000000,1,78,89296573
90000000,1,82,245823397
200000000,1,103,414984497
30000000,1,74,191796233
185000000,2,93,237282182
47000000,2,75,15519841
63000000,2,95,108012170
60000000,2,92,55994557
165000000,2,93,238371987
160000000,2,93,320706665
60000000,2,90,267652016
120000000,2,77,64736114
76000000,2,92,26000610
50000000,2,88,28133159
60000000,2,96,50807639
135000000,2,98,187165546
105000000,2,105,71017784
110000000,2,103,142614158
74000000,2,92,162495848
30000000,2,87,85416609
25000000,2,85,39880476
75000000,1,87,133103929
90000000,2,92,85884815
150000000,2,102,400736600
25000000,2,80,39399750
28000000,1,90,217350219
260000000,2,100,200807262
150000000,2,93,436471036
50000000,2,95,50150619
135000000,2,94,177343675
80000000,2,88,90443603
103000000,1,101,131536019
90000000,1,96,143618384
30000000,1,63,26687172
20000000,2,90,25077977
95000000,2,89,50802661
150000000,1,81,135381507
37000000,1,81,30105968
40000000,2,89,57011847
145000000,2,92,111505642
75000000,2,91,128200012
165000000,2,101,189412677
200000000,1,106,191450875
120000000,1,117,244052771
135000000,2,96,83024900
135000000,2,107,123207194
40000000,2,94,511920
50000000,1,94,58297830
55000000,1,84,141600000
45000000,1,73,422783777
12500000,1,69,48092846
80000000,2,87,36073232
20000000,1,72,48423368
165000000,1,100,665426
100000000,2,102,107515297
165000000,2,98,217387997
145000000,2,97,103400692
70000000,2,88,8460990
90000000,1,88,120618403
20000000,1,72,47887943
180000000,1,98,223806889
140000000,2,95,38120554
127500000,2,82,137748063
80000000,1,83,73215310
28000000,4,139,31600000
63000000,3,212,25052000
7000000,2,113,4720371
15000000,4,148,18352454
15000000,4,115,37877959
70000000,3,136,37901509
500000,4,79,30500882
35000000,2,123,10137502
18000000,4,94,18329466
32000000,4,120,36733909
10000000,3,120,5484375
18000000,2,105,8508843
30000000,3,90,108360000
20000000,3,93,39737645
14000000,3,86,9402410
21500000,3,101,22294341
60000000,3,100,43337279
19000000,4,90,35033759
12000000,4,102,38087366
9000000,4,88,18225165
15000000,4,98,61400000
20000000,4,87,6563357
31000000,4,99,58879132
25000000,4,99,59073773
50000000,2,99,16671505
50000000,2,119,51178893
65000000,2,93,82226474
34000000,4,123,66808615
17700000,3,91,27087695
45000000,3,112,38360195
45000000,3,97,93452056
18500000,4,118,10562387
12000000,4,115,17613460
50000000,4,119,24006726
1000000,4,103,9013113
6500000,2,108,24103594
85000000,2,106,64933670
20000000,2,117,67325559
20000000,2,91,94497271
10000000,4,130,30651422
50000000,2,125,127997349
90000000,2,114,58229120
60000000,4,152,32522352
16000000,3,94,45507053
20000000,3,114,3519627
12000000,4,126,71502303
10000000,4,101,6619173
25000000,4,101,876671
85000000,1,100,66941559
15000000,2,88,47811275
15000000,2,88,47811275
60000000,2,94,82569532
18000000,2,120,173585516
15000000,2,91,8080116
13000000,2,89,60008303
15000000,1,103,26161406
150000000,2,115,206456431
112000000,2,85,42776259
70000000,2,142,119654900
150000000,2,105,177243721
127000000,2,98,113733726
37000000,2,96,48006503
109000000,2,82,100446895
58000000,2,103,80021740
80000000,2,93,84185387
24000000,1,87,16290976
17000000,1,73,11634458
50000000,1,101,66002004
45000000,2,86,25200412
17000000,2,94,42672630
45000000,2,103,88625922
90000000,3,98,250147615
32000000,2,95,82301521
26000000,2,90,16647384
60000000,2,90,11802056
35000000,2,100,63939454
15000000,2,98,68856263
50000000,3,95,33422806
49900000,4,102,21557240
20000000,2,93,38037513
23600000,4,88,75590286
10000000,2,90,40485039
84000000,2,86,153288182
19000000,3,95,58156435
19000000,4,129,8396942
13000000,3,84,5002310
40000000,2,108,118500000
19000000,2,116,210609762
45000000,2,102,71423726
22700000,2,96,38119483
3000000,2,100,15369573
25000000,2,119,109713132
50000000,2,109,51019112
100000000,3,102,49392095
40000000,4,109,37371385
40000000,2,118,87666629
2600000,2,91,2850263
55000000,4,122,53574088
20000000,3,96,28876924
14000000,2,107,34793160
10000000,3,108,11703287
21000000,3,99,8855646
38000000,3,129,10300000
8000000,4,89,52287414
25000000,4,111,56692
12000000,2,100,860002
40000000,2,120,81593527
15000000,2,95,20998709
17000000,2,96,82234139
170000000,2,126,73820094
120000000,2,127,124976634
70000000,3,125,66257002
15000000,4,98,1953732
120000000,3,115,292298923
68000000,3,124,300523113
50000000,3,130,296623634
62000000,2,140,172071312
27000000,2,193,21500000
79000000,4,154,95632614
55000000,4,110,38553833
40000000,3,129,31836745
3500000,4,103,236266
90000000,3,143,233630478
34000000,3,114,6543194
40000000,3,106,45500797
11000000,3,102,2807854
35000000,4,127,4426297
13000000,2,104,10996440
100000000,3,146,78616689
165000000,3,169,187991439
108000000,3,151,228430993
69500000,3,171,54222000
78000000,3,142,407999255
8000000,2,130,260000000
8000000,4,126,1997807
30000000,4,108,23070045
50000000,4,119,39778599
135000000,4,156,183635922
75000000,4,153,120523073
22000000,3,236,184208848
38000000,3,110,171031347
44000000,4,325,1500000
25530000,2,95,20047715
20000000,2,111,42652003
200000000,2,108,334185206
170000000,2,113,76846624
215000000,2,130,234903076
150000000,2,111,34964818
90000000,2,106,68558662
180000000,2,150,291709845
155000000,2,113,104383624
90000000,2,107,71148699
180000000,3,113,70083519
24000000,1,118,13000000
20000000,1,88,1064277
2800000,2,102,22202612
16000000,2,98,30857814
55000000,2,90,7871693
500000,1,86,39552600
13000000,2,91,38916903
195000000,3,114,65171860
180000000,3,182,303001229
225000000,3,186,258355354
20000000,4,129,37567440
4000000,4,87,800000
15000000,4,90,26421314
18000000,3,109,4250320
5000000,4,100,14343976
6000000,4,100,7186670
20000000,2,131,102922376
17000000,2,102,2000000
23000000,3,92,20763013
30000000,3,93,14888028
35000000,2,143,82300000
85000000,3,139,150832203
130000000,4,124,126464904
14000000,2,118,800000
14000000,4,108,15483540
160000000,3,137,281666058
90000000,2,114,60874615
110000000,3,119,129995817
63000000,3,127,356784000
130000000,3,146,424645577
125000000,3,123,337103873
132000000,3,116,234277056
3800000,1,152,14873
30000000,1,77,45542421
250000,4,75,203134
8000000,4,90,3442820
5000000,1,77,19421271
69000000,2,87,251501645
30000000,2,86,10134754
150000000,1,111,206435493
35000000,2,80,75367693
80000000,2,89,169692572
85000000,2,91,148313048
75000000,2,88,219613391
60000000,2,92,217326336
32000000,1,75,3562749
10000000,2,74,6491350
85000000,2,107,127706877
75000000,2,91,73661010
78000000,2,95,119793567
39000000,2,87,35287788
100000000,2,108,197992827
110000000,2,76,50026353
23000000,1,82,36696761
100000000,2,90,124870275
76000000,2,98,368049635
100000000,2,85,58867694
75000000,3,93,5409517
21000000,4,81,52008288
200000000,2,96,137850096
40000000,2,77,53337608
100000000,1,91,100117603
8700000,4,100,5480996
60000000,2,100,75280058
80000000,1,74,60507228
2280000,1,120,76400000
2600000,1,88,84300000
2000000,1,83,184925485
105000000,1,97,104374107
20000000,1,68,18081626
100000000,4,240,116866727
3000000,4,113,19184015
60000000,3,124,56443482
48000000,3,132,29781453
18000000,4,127,5887457
23000000,2,94,11508423
75000000,4,102,66636385
28000000,4,130,70235322
35000000,3,125,83299761
50000000,3,115,135014968
1000000,4,95,5997134
13000000,4,121,123922370
20000000,2,124,2000000
60000,4,87,536767
36000000,4,95,2954405
8000000,2,112,36500000
52000000,3,141,164435221
100000000,4,176,130127620
7000000,4,105,2062066
53000000,4,123,62563543
30000000,4,124,52937130
52000000,4,178,42438300
35000000,4,147,41954997
25000000,4,146,46836394
35000000,4,140,24276500
13000000,4,118,1150403
35000000,4,137,37304950
10000000,4,106,1939441
20000000,4,128,44988180
28000000,4,167,161029270
100000000,4,140,97030725
30000000,4,160,3904982
40000000,4,117,30981850
5000000,4,112,2445646
10000000,3,106,14479776
2000000,4,118,11533945
270000,4,90,318622
4500000,4,109,34468224
5000000,4,98,296665
6000000,2,110,102308900
218,6,88,592014
2000000,5,89,653621
500000,4,108,2047570
12000000,2,99,91443253
58000000,3,135,170708996
12500000,3,117,21078145
20000000,3,119,4234040
30000000,3,132,116631310
110000000,3,170,102608827
15000000,3,126,30226144
55000000,3,117,162586036
40000000,3,120,96917897
3300000,4,108,2961991
5000000,4,117,27296514
52000000,4,131,125548685
7000000,4,99,1654367
24000000,4,127,28871190
3500000,4,105,6390032
11000000,4,118,10214647
32000000,4,129,48814909
6000000,4,122,8596914
5000000,4,103,3093491
4000000,4,92,12836
25000000,2,101,51676606
35000000,2,123,59699513
8200000,1,174,163214286
18000000,2,106,43853424
20000000,1,225,8000000
7500000,2,93,31501218
20000000,2,123,13391174
22000000,3,170,59696176
25100000,3,129,25517500
20000000,4,134,56667870
20000000,4,128,31838002
50000000,4,212,13560960
22000000,4,185,96067179
18000000,4,180,51600000
55000000,2,135,49994804
33000000,3,202,48169908
40000000,3,123,15962471
30000000,3,150,12712093
28000000,2,135,64371181
60000000,3,134,37479778
44500000,4,130,136019448
16000000,4,108,9172810
28000000,3,134,5532301
65000000,3,150,182204440
72000000,4,178,75600000
20000000,2,127,35422828
11000000,3,104,352786
30000000,3,139,30513940
6500000,3,108,54215416
40000000,3,178,75305995
12000000,4,109,8134217
20000000,4,135,4001121
10000000,4,106,3571735
23000000,3,118,6144806
20000000,3,125,13337299
40000000,4,134,47034272
38000000,4,140,35183792
28000000,3,153,119518352
40000000,2,107,20113965
31000000,2,161,87100000
7000000,3,103,532988
40000000,3,123,94125426
12000000,4,123,25776062
900000,4,85,16097842
16800000,4,122,220914
39000000,3,110,5881504
8000000,3,106,532190
20000000,2,116,6002756
20000000,2,118,2246000
17000000,2,129,44469602
25000000,2,124,36447959
35000000,2,109,52277485
30000000,2,120,115648585
6000000,2,90,399611
40000000,2,130,9589875
40000000,3,128,95001343
88000000,3,144,61644321
9000000,3,95,2955039
25000000,3,107,11008432
50000000,3,133,75605492
29000000,3,129,255950375
25000000,3,117,777423
107000000,4,165,58183966
18000000,4,121,45250
25000000,4,116,93571803
38000000,4,146,50668906
65000000,3,137,115603980
55000000,3,134,107100855
22000000,3,108,9528092
3500000,4,107,5354039
28000000,4,128,3254172
68000000,4,157,28965197
14000000,4,145,70001698
500000,6,84,52850
600000,6,93,35688
3500000,2,88,83400000
79000000,2,91,74158157
5000000,2,98,10429707
400000,2,92,44540956
16000000,2,88,14792779
39000000,2,93,30400000
41000000,2,100,7204138
26000000,2,103,105444419
20000000,2,98,8500000
2800000,2,106,86300000
12000000,3,78,72217000
50000000,3,143,2175312
26000000,3,98,84136909
8500000,3,96,21564616
6000000,3,90,18621249
55000000,3,85,66365290
33000000,3,105,132541238
10000000,3,95,306715
60000000,3,113,109176215
17000000,3,98,22734486
25000000,3,88,14174654
16000000,3,113,127175354
35000000,3,109,86208010
19000000,3,85,26096584
40000000,3,89,9652000
40000000,3,99,12181484
12000000,3,86,5542025
80000000,3,101,133668525
80000000,3,102,162001186
35200000,3,95,37788228
8000000,3,89,4692814
35000000,3,90,63826569
12000000,3,97,31179516
45000000,3,95,89808372
17000000,3,107,26284475
17000000,3,97,86049418
55000000,3,108,166225040
30000000,3,86,38232624
8000000,3,79,4350774
3000000,3,99,7059537
48000000,3,84,110000082
45000000,3,89,90703745
20000000,3,88,32014289
20000000,3,108,17803796
55000000,3,118,33828318
8500000,3,101,34017854
30000000,3,100,22525921
58000000,3,125,44665963
500000,3,91,12055
15000000,3,97,11614236
13000000,3,92,28972187
40000000,3,90,28535768
20000000,3,82,36658108
50000000,3,102,28837115
13000000,4,93,25675765
6000000,4,82,9821335
30000000,4,108,145096820
11000000,4,95,101736215
50000000,4,113,56724080
10000000,4,86,15447
14000000,4,103,75078
3000000,4,109,141600000
15000000,4,102,101978840
20000000,4,100,55461307
20000000,4,97,100292856
17500000,4,110,19179969
20000000,4,97,8586376
18000000,4,82,128505958
42000000,4,81,59992760
12000000,4,110,175370
10000000,4,97,2331318
5000000,4,97,24138847
230000,4,102,3151130
6500000,4,94,4693919
6900000,4,102,7993039
14000000,4,96,15062898
9000000,4,87,8579684
20000000,4,96,10569071
22000000,4,83,22264487
11500000,4,109,35537564
25000000,4,93,17718223
5000000,4,92,11675178
7000000,4,92,14891000
850000,4,88,1243961
15000000,4,87,14249005
650000,4,84,2301777
100000,4,81,5228617
3500000,4,93,10305534
22000000,4,107,12784713
22000000,4,104,30059386
930000,4,100,20186
17000000,4,104,82389560
4000000,4,94,2800000
51000000,4,116,90567722
6000000,4,94,8828771
35000000,4,92,55291815
18000000,4,97,150056505
9500000,4,98,57176582
16000000,4,99,37882551
10000000,4,89,10824921
24000000,4,88,74608545
4500000,4,96,81200000
15600000,4,94,68525609
45000000,4,83,71277420
40000000,4,94,38543473
12000000,4,93,10198766
16000000,4,92,13922211
65000000,4,106,100468793
20000000,4,119,121463226
6000000,4,85,36497
20000000,4,100,84518155
68000000,4,125,81257500
70000000,4,116,36931089
35000000,4,89,21784432
29000000,4,99,63034755
10000000,4,93,900926
95000000,4,85,86897182
7000000,4,108,453079
60000,4,82,40557
80000000,4,102,254455986
35000000,4,108,277313371
1000000,4,87,19539
44000000,4,112,6105175
11000000,4,84,13592872
3400000,4,86,535249
4000000,4,93,10097096
35000000,4,134,67523385
3000000,4,93,200803
11000000,4,95,13558739
35000000,4,91,10214013
4000000,4,84,2892582
3000000,4,94,16101109
18000000,2,91,16702864
6200000,2,83,126247
18000000,2,94,17071230
15000000,2,107,111936400
17000000,3,68,53868030
40000000,3,99,70163652
11000000,3,86,23978402
100000000,3,90,110332737
15000000,3,95,4006906
64000000,3,98,58255287
16000000,3,86,34308901
30000000,3,83,51109400
10000000,3,81,6982680
60000000,3,101,88200225
25000000,3,85,13973532
25000000,3,85,13973532
50000000,3,88,6471394
23000000,3,88,13019253
23000000,3,85,86930411
20000000,3,106,10555348
45000000,3,94,32095318
37000000,3,109,69148997
7500000,3,97,4131640
3000000,4,95,3559990
60000000,4,96,32122249
30000000,4,103,106694016
20000000,4,98,13383737
40000000,4,107,90353764
6500000,4,102,16842303
8000000,4,82,17278980
42000000,4,116,54414716
35000000,4,106,117528646
35000000,4,120,134455175
11000000,4,120,52929168
12000000,4,93,54724272
10000000,4,84,20339754
1000000,4,88,21210
15000000,4,117,17439163
24000000,4,98,57262492
12000000,4,86,333976
37000000,4,118,150368971
5500000,2,129,159600000
5000000,3,99,9203192
15000000,3,111,1954202
20000000,3,114,65623128
18000000,4,98,60057639
7000000,4,91,1040879
7000000,4,103,17474107
13000000,4,91,2104000
15000000,4,112,4485485
18000000,4,86,23993605
26000000,4,129,49874933
2000000,4,106,410241
2500000,4,96,322157
20000000,4,106,21200000
200000,6,88,59379
20000000,4,148,8093318
5000000,4,116,1980338
80000000,3,123,41523271
1500000,4,110,2365931
50100000,4,105,53846915
8000000,4,108,34746109
5500000,4,99,56007
2500000,3,89,3325638
20000000,3,107,7564000
5000000,4,95,5308707
6000000,4,95,2025238
40000000,4,117,32800000
21000000,4,108,33313582
10000000,4,96,12570442
12000000,2,91,17292381
500000,2,101,1111615
20000000,2,99,25584685
30000000,2,91,14018364
18000000,2,97,27141959
10000,5,108,180483
53000000,3,118,55808744
20000000,3,108,8054280
45000000,3,113,170684505
8000000,4,109,336456
16000000,3,96,15427192
15000000,4,103,4235837
1200000,4,100,18488314
26000000,3,103,7496522
40000000,2,116,49851591
1700000,3,98,1943649
35000000,3,123,40334024
60000000,3,100,35096190
22000000,3,96,19351569
8000000,4,92,10814185
54000000,4,121,5660084
10000000,4,101,1631839
55000000,3,101,98711404
60000000,3,125,40559930
4000000,4,93,2426851
82000000,3,113,158115031
40000000,3,74,7262288
22000000,3,104,20668843
40000000,3,98,16323969
7000000,4,118,46451
30250000,4,105,72077000
3500000,4,87,3071947
13000000,4,95,7881335
35000000,4,104,39692139
500000,4,93,48430
10000000,4,100,9801782
1500000,3,90,638476
3000000,4,89,2223990
5000000,4,87,64267897
2500000,4,75,32230907
3000000,4,115,38168022
65000,2,100,11529368
3000000,4,100,11694528
2500000,4,101,12995673
9000,6,95,4584
16400000,2,128,95860116
60000000,2,114,12065985
38000000,2,98,22770864
8000000,2,104,10106233
22000000,2,122,54235441
43000000,3,103,37035515
25000000,3,100,52528330
40000000,3,91,18438149
23000000,3,114,18653615
18000000,3,106,64955956
12000000,3,102,75074950
34200000,3,93,163479795
1200000,3,108,594904
5000000,3,110,4040588
81000000,3,101,242589580
6000000,3,104,6670712
14000000,3,115,13640000
12000000,3,93,37188667
26000000,3,105,30659817
40000000,3,102,32853640
55000000,3,122,22362500
55000000,3,142,329691196
6000000,3,96,371081
13000000,3,113,51697449
6600000,3,112,37295394
5000000,3,90,92900
300000,3,80,2360184
3000000,3,90,5844929
40000000,3,128,24332324
5000000,3,92,8786715
13000000,3,102,44134898
50000000,3,124,91030827
21000000,3,120,16284360
70000000,3,111,48430355
40000000,3,95,37101011
35000000,3,121,75274748
10000000,3,91,19348
1500000,3,90,92362
60000000,3,128,77032279
5000000,3,103,21501098
16500000,3,114,26896744
312000,3,102,1281176
5000000,3,150,6157157
15000000,3,113,55184721
7000000,4,106,9190525
30000000,4,125,65010106
19000000,4,81,22245861
10000000,4,89,7764027
37000000,4,96,60338891
20000000,4,101,13650738
1200000,4,85,2199853
12000000,4,113,5032496
3000000,4,92,2926565
250000,4,96,1050600
5000000,4,110,14100000
1000000,4,97,464655
65000000,4,95,100448498
8000000,4,103,14879556
6500000,4,85,70527
5000000,4,97,2711210
2000000,4,84,6026908
20000000,4,85,32983713
3500000,4,97,27900000
75000000,4,153,51814190
20000000,4,113,18882880
7000000,4,111,6200756
12000000,4,108,4903000
70000,4,82,30084
9000000,4,99,4681503
4000000,4,111,228524
10000000,4,83,4244155
3000000,4,97,39852
8000000,4,101,59889948
500000,4,91,154077
7000000,4,110,113709992
2000000,4,91,3885134
28000000,4,112,4554569
28000000,4,107,6998324
5000000,4,90,24809547
12000000,4,122,6754898
9000000,4,93,17096053
3800000,4,85,100669
23000,4,100,1227508
5000000,4,91,5480318
7000000,4,97,1768416
7500000,4,115,43490057
8000000,4,91,12055108
200000,4,96,4505922
6500000,4,92,24792061
10000000,4,98,30306281
17000000,4,123,70492685
9000000,4,120,34074895
6000000,4,106,27457409
6800000,4,108,49526
12000000,4,104,1779284
20000000,4,115,82624961
25000000,4,116,7156933
1500000,4,96,703
5000000,4,96,1474508
3500000,4,106,20803237
4500000,4,104,23031390
21000000,4,110,52353636
1500000,4,88,7362100
500000,4,89,5739376
9000000,4,118,18761993
22000000,4,102,12469811
10500000,4,99,125169
19800000,4,103,34290142
4000000,4,96,1325073
1300000,4,95,695229
1000000,4,84,1950218
15000000,4,97,43022524
800000,4,88,4771000
25000000,4,104,1089365
10000000,4,97,7574066
3500000,4,98,101228
6000000,4,106,3588432
55000000,4,107,19389454
12000000,4,94,16300302
125000,4,90,1573712
1500000,1,87,163245
11000000,2,102,167780960
14000000,2,106,32645546
7500000,2,99,106593296
13000000,2,100,26539321
60000000,2,115,143151473
27000000,2,106,7486906
30000000,2,111,41407470
30000000,2,114,18252684
2500000,3,100,71904
55000000,2,107,16088610
25000000,2,105,51853450
22000000,2,97,144833357
12000000,1,89,27281507
18000000,2,130,114968774
20000000,3,102,64149837
17000000,2,87,37566230
11000000,1,112,90556401
75000000,2,117,118823091
30000000,1,102,79566871
20000000,2,111,5205343
65000000,2,118,85911262
25000000,2,119,39008741
20000000,2,105,35990505
25000000,3,125,219200000
16500000,3,102,59847242
3000000,2,98,24629916
10000000,2,100,50752337
32000000,3,101,60328558
13000000,4,112,22858926
24000000,4,137,41895491
15000000,4,93,20380
70000000,3,107,137340146
20000000,3,102,13214030
18000000,3,103,41382841
48000000,3,104,46611204
40000000,3,114,70836296
38000000,3,113,40137776
60000000,3,125,75764085
20000000,3,110,263365
1000000,4,88,104077
3000000,4,102,1821983
777000,2,112,115000000
26000000,2,149,25809813
10000000,3,105,20338609
10000000,4,135,2185266
900000,4,109,9000000
10000000,4,106,5348317
15000000,4,112,4734235
14800000,4,115,66009973
5000000,4,105,37440
30000000,4,120,7443007
6000000,4,95,3029081
8000000,3,109,27362712
45000000,3,107,60786269
20000000,3,118,56398162
9000000,3,90,31487293
5000000,4,94,19281235
6500000,4,121,14545844
18000000,2,123,22452209
75000000,3,136,38509342
25000000,1,143,5000000
65000,6,98,389804
250000,6,100,902835
2000000,6,101,1984378
14000000,2,90,1752214
30000000,2,105,53021560
15000000,2,124,10763469
28000000,2,104,43097652
24000000,2,115,32662299
500000,2,102,1250798
22000000,2,116,177200000
65000000,2,119,115731542
16000000,3,97,38176108
7500000,3,95,32391374
35000000,3,117,7458269
30000000,3,107,21835784
13000000,3,107,18004225
37000000,3,105,20991497
18000000,3,94,15155772
50000000,3,139,147637474
16000000,3,94,20627372
50000000,3,118,84244877
5500000,3,116,50382128
58000000,3,103,29580087
25000000,3,97,22200000
9000000,3,91,20035310
8000000,3,91,17843379
57000000,3,123,26838389
8000000,3,93,17536788
26000000,3,121,65703412
40000000,3,129,93952276
20000000,3,103,17518220
15000000,3,91,10443316
30000000,3,100,63536011
120000000,3,121,30212620
16000000,3,101,14108518
26000000,3,109,45489752
10000000,3,97,11043445
8000000,3,101,6350058
35000000,3,102,25266129
7500000,3,96,143492840
30000000,3,128,37036404
30000000,3,98,35565975
12000000,3,106,5949693
35000000,3,105,20422207
6000000,3,107,63231524
55000000,3,105,93815117
225000,3,98,2938208
21000000,3,102,15593
40000000,3,107,30993544
25000000,3,105,10070000
50000000,3,119,37486138
50000000,3,106,57887882
35000000,3,112,39026186
80000000,3,128,124590960
80000000,3,131,42044321
150000,3,78,2882062
62000000,3,114,65000000
1000000,3,79,279282
52000000,3,106,118683135
35000000,3,109,124732962
17000000,3,103,6061759
42000000,3,122,41252428
25000000,3,99,14983572
40000000,3,108,163947053
19000000,3,101,27758465
8000000,3,99,127144
13000000,3,117,49121934
18000000,3,113,43601508
2000000,3,108,19067631
35000000,3,114,42168445
40000000,3,110,41102171
15000000,3,94,8735529
15000000,3,120,33771174
20000000,3,121,60072596
6000000,4,101,6851636
8000000,4,100,34963967
17000000,4,98,9430988
3200000,4,105,5776314
18000000,4,119,42335698
40000000,4,117,70100000
30000000,4,108,26525834
12000000,4,97,3950294
250000,4,113,12006514
7000000,4,91,7455447
3000000,4,90,24475193
30000000,4,118,62877175
6500000,4,88,13367101
2500000,4,102,26781723
20000000,4,124,37672350
85000000,4,120,112703470
1000000,4,97,7022940
850000,4,107,819939
12000000,4,100,12902790
30000000,4,112,32357532
250000,4,91,4186931
6000000,4,104,12793213
1000000,4,104,3386698
7000000,4,96,7292175
38000000,4,124,8406264
750000,4,86,4007792
4000000,4,104,4046737
100000000,4,146,95328937
25000000,4,123,100241322
3500000,4,96,9449219
21000000,4,122,132088910
15000000,4,90,4360548
21000000,4,124,3081925
23000000,4,97,6923891
25000,4,98,10246600
25000000,4,110,14589444
250000,4,94,1977544
15000000,4,111,29106737
11000000,4,113,2832826
15000,4,85,192467
4000000,4,110,6525762
2500000,4,95,6851969
50000000,4,95,27067160
6000000,4,99,2077046
6000000,4,106,25047631
9000000,4,103,1530535
16000000,4,89,92823600
22000000,4,98,3247816
18000000,4,90,15281286
35000000,3,112,26494611
30000000,3,104,42071069
15600000,3,91,13571817
58000000,3,114,31199215
30000000,3,104,21800302
34000000,3,108,19693891
50000000,4,139,153620822
25000000,4,117,134904
1000000,4,94,1744858
45000000,4,135,53854588
16000000,4,106,52885587
20000000,3,115,37442180
25000000,4,95,17791031
100000000,2,132,58220776
60000000,2,103,125603360
1000000,4,81,6387
40000000,2,128,107458785
24000000,4,124,8427204
47000000,3,96,60154431
15000000,4,115,183088
28000000,2,81,66950483
40000000,2,94,138614544
60000000,2,99,73701902
6000000,2,89,13235267
60000000,2,92,104148781
22000000,2,94,49002815
21000000,2,99,52691009
15000000,2,94,64001297
35000000,2,92,17596256
18000000,2,103,285761243
35000000,2,100,73023275
60000000,2,94,60573641
50000000,2,87,33643461
24000000,2,93,4308981
35000000,2,88,49474048
25000000,2,105,77264926
40000000,2,95,38087756
16000000,2,80,40363530
50000000,3,96,150315155
60000000,1,104,139225854
28000000,2,89,8119205
30000000,2,110,4357000
50000000,2,100,100328194
72000000,2,87,112950721
175000000,2,96,100289690
28000000,2,96,39514713
123000000,2,110,260031035
55000000,2,94,68218041
25000000,2,97,47124400
40000000,2,89,20916309
84000000,2,94,17010646
45000000,2,91,130512915
60000000,2,104,69688384
50000000,2,98,61112916
71500000,3,85,144156464
90000000,2,88,75817994
26000000,2,97,110222438
6000000,1,139,102300000
12000000,2,104,18595716
80000000,2,99,109993847
33000000,2,97,173381405
35000000,2,96,22913677
26000000,2,93,48114556
30000000,2,99,51432423
35000000,1,88,16988996
52000000,3,108,143704210
40000000,1,113,95149435
37000000,1,111,108244774
20000000,2,95,51431160
22000000,2,77,9694105
5000000,2,95,241437427
16000000,2,85,4356743
25000000,2,100,16247775
20000000,2,105,25677801
80000000,2,102,80360866
18000000,3,94,59573085
60000000,2,90,35231365
45000000,2,95,52580895
80000000,2,90,92969824
65000000,2,94,36830057
22000000,2,110,90636983
15000000,2,92,73326666
3000000,2,95,7888703
12000000,3,83,7001720
30000000,3,87,64172251
80000000,3,90,39442871
38000000,3,99,113502246
4000000,4,86,17314483
2500000,4,86,40041683
4000000,4,110,4301331
12000000,4,93,31155435
1500000,4,84,173066
50000000,4,112,218628680
52000000,4,118,37035845
32000000,4,107,101470202
11000000,2,106,148170000
100000000,3,113,79711678
55000000,3,104,58422650
50000000,3,106,41482207
15000000,3,98,42592530
13000000,4,88,11501093
16000000,4,107,16204793
20000000,4,100,19900000
31000000,3,103,53133888
3500000,4,85,14000000
3600000,4,37,5923044
8500000,4,93,34872293
20000000,4,92,4002955
2000000,6,106,2436
14600000,2,101,70906973
8000000,2,111,69800000
37000000,3,98,56044241
48000000,3,93,37879996
58000000,3,95,48291624
28000000,3,103,17324744
48000000,3,123,47095453
45000000,3,86,181395380
10000000,3,95,7563670
18500000,3,100,18439082
70000000,3,127,182805123
8000000,4,92,5018450
900000,4,101,6643
500000,6,87,1332
35000000,3,99,19294901
30000000,4,106,18298649
24000000,4,88,25003072
4700000,4,101,8025872
500000,6,103,23000
25000000,3,102,38747385
16000000,3,92,2964
35000000,3,98,66359959
40000,2,90,110536
11000000,3,96,16667084
8550000,4,119,4992159
15000000,4,94,30259652
6000000,4,98,11797927
19000000,3,107,7156725
25000000,3,118,30920167
29000000,3,115,183436380
35000000,3,108,81257845
15000000,3,102,6409206
20000000,3,94,121697350
15000000,4,95,4193025
1200000,4,88,58936
9000000,4,92,4881867
20000000,4,80,1646664
35000000,4,120,18317151
2883848,6,120,25000000
17000000,3,82,30324946
17000000,3,112,64998368
45000000,3,134,19377727
35000000,4,114,69700000
439000,6,89,2300000
12000000,2,90,4922166
20000000,4,101,9714482
13000000,3,83,46729374
14000000,3,86,10397365
4000000,2,93,39200000
30000000,2,89,58715510
19000000,2,100,12561
8000000,2,97,16699684
70000000,2,116,152149590
10000000,2,89,8070311
30000000,3,111,76806312
75000000,3,99,120776832
20000000,3,101,15408822
30000000,3,96,14208384
15000000,3,99,33860010
42000000,3,90,87856565
48000000,3,102,93607673
30000000,3,99,60269340
40000000,3,117,46280507
10000000,3,93,5561
10000000,3,100,25339117
23000000,3,101,12189514
23000000,3,101,12189514
12000000,3,97,56631572
20000000,3,85,48546578
8000000,3,92,58401464
12000000,3,103,28435406
50000000,3,95,88658172
22000000,3,87,11560259
35000000,3,105,67962333
70000000,3,118,177575142
16000000,3,112,4839383
50000000,3,116,105807520
24000000,3,89,9639242
80000000,3,117,103028109
18000000,3,95,56127162
4000000,3,89,15655665
28000000,3,105,63910583
18000000,3,96,95001351
35000000,3,91,43792641
40000000,3,103,14448589
100000000,3,98,148383780
20000000,3,98,15464026
40000000,3,101,46012734
80000000,3,106,279167575
50000000,3,96,126203320
30000000,3,98,43894863
46000000,3,105,126805112
14000000,3,90,15549702
17000000,3,98,8662318
56000000,3,113,54540525
14000000,3,103,20246959
15000000,3,95,9123834
15000000,3,88,6373693
28000000,3,82,49968653
10000000,3,95,63319509
20000000,3,105,33687630
23000000,3,97,27338033
14000000,3,81,30628981
38000000,3,108,127214072
16500000,3,108,11702090
35000000,3,104,37481242
85000000,3,138,63224849
25000000,3,97,48237389
40000000,3,109,83906114
15000000,3,90,31585300
24000000,3,106,65182182
12000000,3,122,91547205
60000000,3,101,93307796
52000000,3,125,110476776
26000000,3,110,14469428
35000000,3,101,80276912
15000000,3,92,5306447
24000000,3,95,16964743
70000000,3,104,97680195
54000000,3,110,75604320
17000000,4,96,37939782
12500000,4,100,48637684
55000000,4,74,104354205
18000000,4,108,3203044
3000000,4,87,418268
1500000,4,105,3123749
32500000,4,131,169076745
17000000,4,88,65535067
35000000,4,109,55802754
2000000,4,101,2506446
32000000,4,102,17797316
25000000,4,101,35000629
36000000,4,111,45045037
38000000,4,110,46813366
40000000,4,105,71347010
1500000,4,80,194568
3500000,4,101,220234
500000,4,100,31937
30000000,4,133,148734225
1000000,4,100,428535
6000000,4,123,2122561
6000000,4,90,4542775
40000000,4,112,19151864
500000,4,98,295468
25000000,4,108,70625986
14000000,4,125,178406268
25000000,4,95,5516708
175000,4,88,7137502
20000000,4,104,31584722
40000,4,90,277233
8000000,4,94,26049082
26000000,4,133,109243478
65000000,4,99,59617068
30000000,4,131,28644770
8000000,4,90,100503
5000000,4,96,9658370
43000000,4,90,24430272
5250000,4,96,766487
1500000,4,104,3447339
38000000,4,96,88915214
23000000,4,107,176483808
17000000,4,112,16684352
12000000,4,102,25277561
6000000,4,90,22235901
20000000,4,117,13987482
3000000,4,82,4142507
13000000,4,84,8026971
24000000,4,101,31452765
45000000,3,117,20101861
20000000,3,105,13854000
30000000,3,95,22526144
65000000,3,109,123307945
54000000,3,95,128769345
40000000,3,99,14358033
35000000,3,105,13101142
33000000,3,75,57651794
62000000,3,87,32178777
850000,4,88,442638
1000000,5,92,582024
22000000,3,84,55762229
14000000,4,99,12282677
36000000,4,101,50213619
50000000,4,87,6291602
90000000,3,93,59475623
61000000,3,93,118153533
10000000,3,98,68353550
20000000,3,92,114324072
40000000,3,113,29802761
12000000,3,92,38624000
27000000,3,117,24944213
11000000,3,89,13903262
24000000,3,107,12372410
50000000,3,118,44737059
20000000,3,90,161487252
7000000,3,93,5694308
2800000,4,86,475000
6000000,4,98,39800000
11000000,4,107,49797148
55000000,4,99,33472850
10000000,4,109,69800000
25000000,4,94,32416109
40000000,4,136,42615685
2600000,4,93,119500000
6000000,4,84,5895238
200000,3,106,1111
1000000,4,53,274661
700000,5,97,1141829
10000000,3,114,25600000
7500000,4,101,6712241
40000000,4,138,150117807
7000000,4,102,15047419
20000000,4,122,1697956
35000000,4,330,4496583
6000000,4,112,57504069
8000000,4,99,398420
15000000,4,100,35054909
1000000,4,97,2508841
100000000,4,216,77679638
1700000,4,138,35918429
5000000,4,103,1100000
500000,4,90,603943
2100000,4,125,3330
8000000,4,178,107930000
1900000,4,99,4600000
12000000,4,121,22905674
25000000,4,142,44700000
5000000,4,94,14123773
450000,4,91,2712293
12500000,4,99,1227324
13000000,4,220,57300000
54000000,4,170,66676062
6000000,4,175,134821952
50000000,4,141,47105085
25000000,4,142,28341469
7000000,4,115,529766
15000000,4,126,43848100
60000000,4,189,136801374
3200000,4,101,8243880
2300000,6,92,7927
25000000,3,122,11538204
65000000,4,162,33048353
3000000,4,109,4109095
40000000,4,107,29374178
15000000,4,111,1294640
1300000,4,102,354704
19000000,4,138,130727000
8000000,4,116,22201636
58000000,4,123,25900000
12000000,3,104,65269010
15000000,4,121,12549485
6000000,6,152,43650000
1000000,3,119,798341
12500000,4,100,10725228
22000000,4,100,121972
31000000,3,118,44983704
42000000,3,115,41543207
45000000,3,119,92115211
30000000,3,106,17951431
45000000,3,141,100768056
40000000,3,90,72266306
30000000,4,108,16930884
28000000,4,114,25977365
55000000,4,141,35707327
60000000,4,108,22433915
20000000,4,123,32051917
50000000,4,113,54997476
38000000,4,118,17305211
61000000,4,149,167735396
45000000,4,129,88504640
27000000,4,115,60491560
35000000,4,138,64604977
25000000,4,119,49024969
30000000,4,155,25078937
25000000,4,138,90135191
7500000,4,105,10460089
46000000,4,153,60962878
33000000,4,127,100125340
19000000,4,113,58571513
27000000,4,99,8712564
48000000,4,118,66488090
90000000,4,158,102515793
9000000,4,89,3193102
45000000,4,124,19719930
18000000,4,103,676698
6000000,4,106,23272306
20000000,4,115,29753944
5000000,4,104,1056102
44000000,4,187,54116191
910000,6,108,9600000
12000000,3,91,1506998
250000,4,98,3799339
500000,4,86,334041
35000000,3,133,21129348
16000000,4,130,28734552
4500000,4,109,3798532
15000000,4,118,9059588
11000000,4,98,1987762
500000,4,112,32645
48000000,4,123,37339525
50000000,4,114,40905277
22000000,4,142,19283782
24000000,4,115,882710
12000000,4,112,65500000
30000000,3,125,38432823
1000000,6,78,10018
35000000,3,123,81159365
2000000,3,97,2557668
38000000,3,115,39177215
36000000,3,116,71026631
22000000,3,110,39263506
50000000,3,115,10556196
40000000,3,135,45856732
8000000,4,107,53481
32000000,4,96,31493782
40000000,4,149,108706165
5000000,4,97,326308
60000000,4,104,74058698
21500000,4,117,24362501
22000000,4,101,1075288
1066167,4,90,258113
8000000,4,120,16938179
35000000,4,109,19692608
17000000,4,132,27154426
10000000,4,114,447750
17500000,4,116,325491
500000,4,91,243347
65000000,4,120,100003492
10000000,4,120,44886089
12000000,4,95,65804
7000000,4,109,40983001
20000000,4,101,53146000
11000000,4,100,13103828
950000,4,104,1007962
7000000,4,95,14003141
50000000,4,107,9795017
50000000,4,118,73343413
50000000,4,122,24127895
3500000,4,97,27900000
27000000,4,98,41008532
8500000,4,117,32279955
25000000,4,122,74273505
22000000,4,116,11326836
48000000,4,112,95308367
30000000,4,130,15709385
12000000,4,91,21370057
1200000,4,99,2812029
80000000,4,117,104054514
45000000,4,141,47307550
30000000,4,106,32154410
30000000,4,106,32154410
44000000,4,147,53300852
500000,4,97,15180000
20000000,4,105,35596227
25000000,4,138,16969390
90000000,4,151,132373442
25000000,4,111,33631221
25000000,4,111,33631221
13000000,4,109,214966
50000000,4,130,19593740
40000000,4,118,57981889
15000000,4,140,21383298
68000000,4,124,71069884
15000000,4,90,28870
40000000,4,139,81292135
37000000,4,150,92173235
25000000,4,119,76270454
48000000,4,190,124107476
45000000,4,122,76261036
9500000,4,106,58214
35000000,4,101,28687835
21000000,4,117,28563179
19000000,4,108,25753840
7000000,4,109,16901126
5000000,4,95,3219029
27000000,4,101,4476235
33000000,4,97,28927720
8000000,4,95,108662
15000000,4,114,32721635
53000000,3,89,45207112
75000000,3,125,117698894
8600000,4,84,14373825
70000000,4,105,116735231
25000000,4,96,17114882
50000000,4,115,31874869
69000000,4,98,55585389
37000000,4,118,6482195
4000000,4,81,7825820
26000000,4,110,16005978
48000000,4,113,69304264
50000000,3,105,48745150
13200000,3,84,52543632
85000000,3,116,183405771
85000000,3,122,117144465
110000000,3,125,125531634
35000000,4,128,79100000
15000000,4,97,12212417
12000000,4,154,39647595
15000000,4,97,14938570
13000000,4,81,46563158
80000000,4,139,136448821
30000000,4,88,19316646
6800000,4,101,10696
40000000,4,147,74098862
13000000,4,94,51872378
5000000,4,90,65087
225000,6,86,111300
2500000,6,112,173783
500000,6,93,906666
200000,6,85,381225
160000,6,93,155984
2500000,2,87,33349949
400000,2,92,425899
1100,2,90,85222
375000,2,86,617172
1000000,2,92,1677838
3000000,3,93,100675
2500000,4,80,99851
160000,4,91,6706368
8000000,4,96,3713002
9000000,3,123,24530513
700000,3,170,7830611
6000000,4,122,119078393
200000,3,86,215185
600000,4,215,13300000
13000000,1,115,73000942
9000000,2,84,11860839
12000000,2,93,25240988
10000000,2,106,28873374
60000000,2,111,71844424
1000000,3,91,4946250
4000000,3,102,2601847
500000,6,89,133778
1750211,4,88,1523883
10000000,6,93,365734
42000,6,90,241816
300000,6,76,255352
31000000,2,106,11854694
5000000,2,120,20773070
13000000,2,109,61693523
9000000,2,97,883887
1500000,2,91,119841
1300000,2,105,609042
20000000,3,128,15797907
5000000,3,121,4700361
60000000,3,115,56702901
30000000,3,108,8535575
9000000,3,121,21569041
18000000,3,98,33404871
2000000,3,129,34522221
27000000,3,116,69586544
2300000,3,120,12985267
43000000,3,136,51768623
22000000,3,132,40270895
18000000,3,111,13362308
23000000,3,98,12782508
65000000,3,117,63695760
10000000,3,130,21589307
30000000,3,109,49185998
700000,3,107,10508
40000000,3,123,33508922
26000000,3,125,77324422
5000000,3,91,2221809
35000000,3,114,4651977
5000000,3,101,18656400
5000000,3,134,20733485
21000000,3,91,958319
15000000,3,154,94175854
40000000,3,106,13376506
12500000,3,109,14060950
200000,3,101,2428241
25000000,3,146,169705587
2200000,3,117,379643
11000000,3,110,37766350
18500000,3,111,6462576
1000000,3,120,3773863
23000000,3,141,16123851
70000000,3,136,52474616
16000000,3,109,16346122
30000000,4,120,499263
12000000,4,111,14616
20000000,4,124,16248701
15000000,4,108,13060843
14000000,4,107,4741987
15000000,4,122,130058047
25000000,4,145,13038660
25000000,4,121,37738400
1000000,4,88,464126
15000000,4,155,26384919
4000000,4,165,25359200
25000000,4,107,16118077
600000,4,90,13493
1900000,4,89,444044
32000000,4,132,2899970
2000000,4,90,99147
6500000,4,120,27545445
6000000,4,109,14821531
63000000,4,151,37023395
35000000,4,122,18593156
10000000,4,126,138339411
33000000,4,116,148085755
700000,4,106,2694973
7000000,4,106,382946
15000000,4,126,13005485
750000,4,88,47329
2500000,4,107,1282084
4000000,4,117,371897
18000000,4,125,15561627
4000000,4,101,44566004
37000000,4,188,22450975
14000000,4,186,46495
200000,4,97,78030
2500000,4,104,6401336
35000000,4,126,18324242
4400000,4,133,112000000
30000000,4,127,23209440
6000000,4,124,54800000
10000000,4,109,47536959
15000000,4,106,7556708
25000000,4,133,172825435
20000000,4,124,19661987
4500000,4,102,3609278
1200000,4,100,24741700
2000000,4,96,198407
1000000,4,100,982214
890000,4,148,24475416
13500000,4,129,186354
4000000,4,110,3468572
3000000,4,96,5005
1500000,4,112,712294
1500000,4,98,406035
18000000,4,112,7837632
12500000,4,101,40962534
7000000,4,164,8373585
4000000,4,106,399793
32000000,4,144,16377274
35000000,4,111,11405825
16000000,4,129,54000000
25000000,4,158,40218903
16000000,4,118,2849142
4500000,4,104,3287435
1500000,4,100,4599680
2000000,4,90,52166
500000,4,111,985341
2700000,4,113,9054736
225000,4,106,1027119
200000,4,80,856942
2000000,4,100,6531491
1200000,4,111,9180275
400000,4,90,1689999
1592000,4,135,638951
10000000,1,101,17655201
7000000,2,100,2148212
36000000,2,107,42019483
37000000,2,113,72279690
3500000,2,110,2848578
45000000,2,96,35617599
30000000,2,101,37617947
95000000,2,105,201148159
15000000,2,90,19158074
17500000,2,93,7017178
20000000,2,107,62933793
9000000,1,181,50000000
17000000,1,170,72000000
4000000,6,152,36000000
15000000,2,115,50003300
20000000,1,127,75597042
32000000,2,98,32701088
5000000,2,95,34099640
15000000,2,115,30127963
3000000,2,87,252726
27000,6,65,8231
1800000,3,93,12784397
50000000,3,129,32741596
1900000,3,103,1420578
32000000,3,139,13303319
30000000,4,100,35266619
60000000,4,123,105264608
35000000,4,101,30307804
16000000,3,89,42638165
100000000,3,130,155370362
15000000,4,101,24881000
2500000,4,101,1163508
150000000,4,119,61937495
11000000,3,107,50461335
45000000,3,133,24343673
60000000,3,118,22451
60000000,3,104,30063805
70000000,3,110,42272747
16000000,3,115,15045676
40000000,2,99,52320979
17000000,3,86,27854896
60000000,3,124,19445217
44000000,3,99,31136950
90000000,3,178,44606335
25000000,3,112,42478175
150000000,3,166,127490802
37000000,3,122,191449475
85000000,3,113,55350897
32000000,2,123,104632573
39000000,3,107,63411478
20000000,4,108,34126138
22000000,3,127,217631306
825000,2,95,15278
60000000,3,126,30695227
65000000,3,135,43982842
65000000,3,135,43982842
30000000,4,100,11900000
5000000,6,135,36000000
36000000,3,130,13052741
6000000,3,99,2207975
36000000,4,155,44175394
14000000,4,112,11204499
2400000,4,120,5731103
55000000,4,172,22843047
75000000,3,148,39251128
3977000,1,226,198655278
11000000,4,111,1066555
20000000,2,101,375474
87000000,3,140,120147445
40000000,3,142,72306065
80000000,3,145,34566746
63000000,3,129,70236496
15000000,4,111,31471430
40000000,4,157,95720716
75000000,3,121,83077470
15000000,4,131,15700000
26000000,2,175,50800000
25000000,2,271,10769960
56000000,3,280,12870569
92000000,4,152,108638745
68000000,4,131,51396781
90000000,4,135,33574332
3000000,4,100,73678
18000000,4,122,26830000
19000000,4,141,13753931
107000000,3,137,22406362
8500000,3,95,131175
500000,4,93,145540
15000000,3,104,71897215
20000000,3,89,46363118
1000000,3,90,10042266
14000000,3,84,3100650
32000000,3,119,35228696
37000000,3,114,33037754
4500000,4,104,108229
30000000,4,101,51097664
19000000,4,90,64255243
47000000,4,108,5600000
70000000,4,125,65012000
150000000,3,104,256386216
650000,4,98,18469
25000000,3,102,14334645
20000000,3,90,20259297
40000000,3,110,5773519
68000000,4,136,33685268
26000000,4,115,61490000
30000000,3,103,25472967
20000000,3,122,75072454
5000000,3,82,13350177
16000000,3,91,37300107
17000000,3,86,54257433
28000000,4,97,16779636
30000000,2,114,31655091
6500000,2,143,82528097
20000000,3,110,8888355
7000000,3,116,14612840
6000000,3,86,20200
1800000,3,109,3050934
17000000,3,116,24397469
30000000,3,118,34703228
8000000,3,95,40066497
13000000,4,121,16574731
41000000,4,110,116724075
8000000,4,104,16168741
15000000,4,116,9396487
427000,4,80,2833383
500000,4,86,1114943
11000000,4,104,13214255
57000000,4,105,16991902
3300000,4,107,13092000
70000000,3,130,103338338
55000000,3,119,39440655
23000000,3,98,58006147
25000000,3,99,10719367
8200000,2,107,80000000
18000000,3,115,17174870
22000000,3,104,4273372
25000000,3,94,30222640
13000000,3,112,91038276
30000000,3,107,42385520
33000000,3,99,35057332
14000000,3,109,61356221
7000000,4,112,39462438
4000000,4,95,94900000
10000000,4,129,16153600
8500000,4,125,29200000
2450000,3,105,178739
61000000,3,158,148775460
52500000,3,127,57386369
80000000,3,118,19673424
40000000,3,135,29077547
20000000,3,104,33422556
7500000,3,100,9176553
31000000,3,101,24185781
1650000,4,111,2580
5000000,4,135,13269963
12000000,3,109,31990064
64000000,4,133,31054924
36000000,3,127,14378353
16000000,3,110,39825798
60000000,3,108,114195633
6000000,3,102,11434867
30000000,3,114,12831121
20000000,4,100,5005883
11000000,4,96,3074838
10000000,3,111,3333823
5000000,3,99,830210
48000000,3,120,50173190
90000000,2,150,100853835
50000000,3,121,79948113
75000000,3,134,36976367
40000000,3,130,53082743
30000000,3,108,20981633
66000000,3,121,83892374
75000000,3,106,94999143
40000000,4,102,6114237
29000000,4,94,6301131
80000000,4,129,65948711
10000000,2,110,10200000
25000000,3,100,10114315
20000000,3,105,80050171
55000000,3,84,21283440
55000000,3,98,89706988
20000000,3,96,47852604
15000000,3,105,5217498
40000000,3,107,293501675
24000000,4,90,5108820
46000000,4,118,67263182
150000,4,78,191309
60000,4,84,3216970
15500000,4,93,1181197
57000000,4,136,60984028
42000000,4,154,158348400
50000000,4,129,48265581
95000000,4,116,102678089
32000000,4,105,1304837
8000000,4,90,303439
160000,6,95,12438
11000000,2,101,41227069
500000,2,122,33451479
5000000,2,90,124720
16500000,2,136,42700000
30000000,2,139,32000000
72000000,2,152,27796042
7500000,2,118,3347439
10000000,3,98,1754319
60000000,3,128,22326247
40000000,3,103,37752931
3300000,3,91,8108247
14000000,3,135,16929123
60000000,3,140,80574010
20000000,3,104,23393765
13500000,3,107,15854988
15000000,3,96,10494147
30000000,3,114,60033780
250000,3,90,3388210
18000000,3,109,22927390
85000000,3,145,57010853
55000000,3,131,52799004
21000000,3,112,6830957
8000000,3,99,10572742
15000000,3,107,13766014
30000000,3,126,53680848
16000000,3,113,19057024
14500000,3,120,46338728
55000000,3,123,69951824
5600000,3,141,3064356
40000000,3,119,25178165
26000000,3,118,26761283
35000000,3,135,70960517
12000000,3,133,124868837
25000000,3,114,41597830
34000000,3,128,37432299
25000000,3,101,60443237
29000000,3,123,64286
13000000,3,102,17738570
30000000,3,104,125014030
15500000,3,102,317040
200000000,3,194,658672302
60000000,3,124,51045801
38000000,3,120,58700247
11000000,3,118,9170214
17000000,4,112,6734844
6500000,4,97,1029017
7000000,4,99,9166863
2500000,4,108,548712
38000000,4,102,24044532
3000000,4,109,8114507
2500000,4,105,5400000
2700000,4,80,5792822
3500000,4,112,9701559
14000000,4,134,83025853
10000000,4,122,531009
27000000,4,98,33987757
6000000,4,97,117560
10500000,4,97,38201895
14000000,4,119,34700000
2000000,4,92,7680
40000000,4,129,166147885
300000,4,94,40542
3600000,4,111,31968347
26000000,4,137,5459824
45000000,4,139,4584886
10000000,4,104,12514138
4000000,4,112,31252964
4825000,4,125,1110286
16000000,4,132,1508689
14000000,4,109,27515786
35000000,4,119,22877808
800000,4,114,1001437
2000000,4,102,1477002
5000000,4,93,14015786
6000000,4,96,115862
16000000,4,120,1984743
9600000,4,144,2483955
18000000,4,131,3752725
30000000,4,132,74787599
32000000,4,124,34180954
50000000,4,135,10400000
6000000,4,90,4859475
12000000,4,110,3148482
25000000,4,108,83813460
100000,3,92,1316074
23000000,4,126,25556065
2500000,3,90,75727
30000000,3,104,40118420
50000000,3,137,35168395
10000000,3,118,4280577
15000000,3,124,27441122
55000000,3,124,5755286
28000000,3,115,71346930
8000000,4,108,568695
14000000,4,119,156645693
5000000,4,95,16017403
2100000,6,172,23650000
25000000,3,108,80014842
11000000,3,200,111722000
13000000,4,127,301305
27000000,4,162,78651430
6500000,4,105,66637
30000000,4,133,66528842
35000000,4,148,630779
8000000,6,144,20400000
57000000,3,220,15527125
60000000,3,170,75370763
22000000,4,139,58328680
19400870,2,135,128300000
35000000,3,96,10139254
1000000,4,97,62480
12000000,3,89,64572496
36000000,3,106,12339633
7000,3,77,424760
72000000,3,106,227965690
80000000,3,104,79363785
76000000,4,109,35286428
4500000,4,133,727883
34000000,4,109,10654581
7000000,1,99,1889522
100000,2,111,10174663
24000000,2,139,70269171
960000,2,145,117235247
65000000,2,131,43532294
30000000,3,136,67253092
35000000,3,133,109712885
21000000,3,106,40219708
1200000,3,113,2859955
30000000,3,132,100422786
13000000,3,112,3169424
25000000,3,140,13651662
15000000,3,111,13034417
55000000,4,156,75530832
25000000,4,110,28831145
200000,4,109,5199
25000000,4,136,21554585
7000000,4,99,2344847
30000000,4,124,52418902
13800000,4,119,52293982
500000,4,112,13134
6000000,4,109,26236603
60000000,3,106,75638743
8500000,3,85,28563926
40000000,4,138,141340178
12000000,4,107,7918283
13000000,4,108,106952327
55000000,4,121,16640210
26000000,4,105,28501651
45000000,4,91,66790248
40000000,4,111,20300000
22000000,4,112,36020063
55000000,4,128,83000000
10000000,4,82,131617
31000000,4,138,93749203
55000000,4,126,34098563
13000000,4,99,5871603
12000000,4,96,31597131
4000000,4,99,562059
27500000,4,122,9664316
22000000,4,105,1796024
10000000,4,123,18272447
50000000,4,128,50815288
5000000,4,121,1729969
250000,4,99,49494
20000000,4,126,17804273
20000000,4,113,31146570
44000000,4,118,44834712
900000,4,91,381186
18000000,4,109,13491653
50000000,4,124,52752475
5000000,4,106,17382982
35000000,4,92,14998070
19000000,3,131,21483154
70000000,3,118,78031620
66000000,3,146,79883359
1700000,4,124,183490
31500000,4,289,78800000
60000000,4,125,19076815
25000000,4,112,10911750
52000000,4,215,36385763
6500000,3,100,2024854
100000000,4,165,162804648
16000000,4,122,2428883
14400000,4,131,101157447
19000000,1,92,2119994
15000000,2,103,10411980
10500000,2,120,434949459
10700000,2,120,76600000
25000000,3,114,71975611
5000000,3,89,50820940
2200000,4,87,30000000
13000000,4,72,28501605
9000000,4,87,33244684
11500000,4,103,57469179
1000000,4,89,21378000
8500000,4,93,15171475
3000000,4,98,3902679
15000000,4,103,73548
60000000,3,130,31165421
1500000,3,103,53991137
42000000,3,100,37652565
80000000,3,113,91188905
4700000,4,118,1705139
8000000,4,107,18090181
30000000,4,95,42043633
40000000,4,155,82522790
8000000,4,89,22168359
10000000,2,101,29500000
5000000,3,106,83574831
17000000,3,101,96471845
7000000,4,99,49369900
25000000,4,99,24042490
2500000,4,91,15935068
5000000,4,101,32453345
68000000,4,141,100614858
20000000,3,105,56362352
10600000,3,103,22160085
4900000,3,81,56536016
32000000,4,113,39568996
1800000,4,101,26505000
9000000,4,94,16235293
2000000,4,95,952620
17000000,4,96,54239856
40000000,4,92,42575718
2800000,4,88,19170001
35000000,4,91,30079316
15000000,4,119,33386128
15000000,4,119,33386128
10000000,4,94,17544812
4800000,4,93,47277326
7000000,4,105,12583510
17000000,4,104,35143332
3000000,4,98,84749884
5000000,4,94,104007828
5000000,4,96,53884821
15000,4,84,107917283
29000000,4,103,50041732
4000000,4,90,101055
60000,4,81,140530114
1000000,4,83,53245055
8000000,4,132,204565000
40000000,4,82,66466372
15000000,4,89,20801344
15000000,4,108,41777564
900000,4,95,100659
1000000,4,91,17986000
750000,4,101,77501
18000000,4,126,25592632
8000000,4,93,17427926
16000000,4,83,39511038
20000000,4,91,41867960
8500000,4,150,140244
20000000,3,89,43818159
12000000,3,92,31397498
6500000,4,99,84263837
5000000,4,89,12947763
7000000,4,89,15818967
24000000,4,100,39989008
2000000,4,100,14673301
35000000,4,112,30691439
5000000,4,104,27689474
4000000,4,95,87025093
10000000,4,121,80150343
10000000,4,96,63270259
10800000,4,95,56729973
24000000,4,120,101334374
40000000,4,116,89138076
40000000,4,111,38176892
15000000,4,103,103001286
1500000,4,100,373967
3000000,4,110,48056940
16000000,4,101,11956207
3500000,4,92,25138292
2500000,4,98,14400000
15000000,4,104,40064955
15000000,4,109,13782838
5000000,3,86,17683670
1000000,4,86,18112929
11000000,3,96,32131483
10000000,3,80,33583175
8000000,3,90,25926543
10000000,3,97,35794166
10000000,3,93,26583369
10000000,3,98,110175871
43000000,3,104,47806295
17000000,3,89,12693621
5000000,4,93,21197315
27000000,4,109,13248477
30000000,4,118,30523568
50000000,4,125,41814863
1250000,4,87,19100000
2200000,4,92,21300000
35000000,4,122,31598308
40000000,4,98,59588068
19000000,4,93,40846082
17000000,4,99,72219395
25000000,4,107,14637490
806947,4,108,32000000
1200000,4,103,55153403
10000000,4,97,27736779
12000000,4,99,21133087
40000000,4,134,102310175
20000000,4,112,137387272
1000000,4,83,31537320
14000000,4,99,38048637
14000000,4,97,21468807
10000000,4,96,20384136
12000000,2,100,4884663
500000,2,97,17000000
23000000,4,112,39235088
6500000,3,91,10149779
65000000,3,91,14218868
40000000,3,99,27663982
3300000,3,83,25799043
12000000,4,89,31691811
33000000,4,109,61280963
3000000,4,85,64423650
21000000,4,104,17757087
4000000,4,93,13008928
30000000,3,99,42057340
10500000,3,98,14114488
25000000,3,90,18860403
9000000,3,75,23078294
17000000,3,83,4930798
20000000,3,137,39143839
14000000,3,92,49122319
14000000,3,92,49122319
8495000,3,91,1712111
5000000,3,94,65069140
15000000,3,87,47860214
5000000,4,88,143000
26000000,4,90,46455802
23000000,4,98,53302314
4000000,4,91,36200000
1800000,4,97,32600000
5000000,4,88,17768000
3000000,4,96,11642254
5000000,4,93,15126948
300000,4,101,47000000
2000000,4,105,92401
3000000,4,86,19472057
15000000,4,101,51527787
11000000,4,92,34334256
20000000,4,101,39103378
5000000,4,90,6755271
100000,4,81,22757819
40000000,4,99,25117498
83532,4,88,30859000
12600000,4,84,15417771
6000000,3,110,181360000
6500000,4,104,31899000
32000000,3,93,54696902
50000000,3,112,126975169
10000000,3,98,25464480
150000000,3,146,133375846
600000,3,103,23616
26000000,3,85,57859105
40000000,3,96,47781388
125000000,3,174,217536138
30000000,4,91,51475962
23000000,4,97,21973182
9000000,4,113,25530884
80000000,4,138,127968405
4000000,4,91,35385560
5000000,4,108,43771291
32000000,4,98,35063732
50200000,3,106,62453315
12000000,2,114,79568000
12000000,3,106,22331028
80000000,3,99,15071514
28000000,4,117,27000000
13000000,4,120,23947
48000000,4,91,64505912
300000,4,95,2468
6900000,4,115,41400000
30000,4,78,243768
